anon_polygon_id,date,primary_ndvi_pred
AOI-0005,2010-05-02,0.32742414
AOI-0005,2010-07-28,0.30171783
AOI-0005,2010-08-05,0.22837901
AOI-0005,2010-08-29,0.32159060
AOI-0005,2010-08-30,0.28171203
AOI-0005,2010-09-06,0.26468635
AOI-0005,2011-04-02,0.31160584
AOI-0005,2011-06-06,0.74041668
AOI-0005,2011-06-26,0.56864288
AOI-0005,2011-09-02,0.43307467
AOI-0005,2012-04-04,0.26482754
AOI-0005,2012-04-29,0.49961736
AOI-0005,2012-05-06,0.55338067
AOI-0005,2012-05-31,0.80483979
AOI-0005,2012-08-10,0.22298569
AOI-0005,2012-08-12,0.26281054
AOI-0005,2013-06-26,0.37057697
AOI-0005,2013-07-12,0.34056229
AOI-0005,2013-08-21,0.42052725
AOI-0005,2013-08-29,0.49436834
AOI-0005,2014-04-18,0.46346995
AOI-0005,2014-04-27,0.60178711
AOI-0005,2014-05-04,0.64630794
AOI-0005,2014-05-09,0.72850425
AOI-0005,2014-06-10,0.66523407
AOI-0005,2014-07-28,0.49713825
AOI-0005,2014-10-03,0.26340329
AOI-0005,2015-05-23,0.76062230
AOI-0005,2015-06-10,0.76255076
AOI-0005,2015-10-06,0.27094203
AOI-0005,2016-04-22,0.62169395
AOI-0005,2016-05-08,0.70516770
AOI-0005,2016-09-13,0.38287838
AOI-0005,2017-04-11,0.26149451
AOI-0005,2017-04-23,0.54756822
AOI-0005,2017-04-26,0.35232595
AOI-0005,2017-07-23,0.54744891
AOI-0005,2017-09-25,0.46899944
AOI-0005,2017-10-04,0.45229820
AOI-0005,2018-05-01,0.57769116
AOI-0005,2018-05-16,0.70525355
AOI-0005,2018-06-01,0.66130601
AOI-0005,2018-07-10,0.39390868
AOI-0005,2018-08-27,0.39639324
AOI-0005,2018-09-30,0.38510862
AOI-0005,2019-04-26,0.64428785
AOI-0005,2019-05-11,0.77810070
AOI-0005,2019-05-18,0.80567440
AOI-0005,2019-05-21,0.79661572
AOI-0005,2019-06-11,0.72718909
AOI-0005,2019-06-25,0.56352481
AOI-0005,2019-07-12,0.45382220
AOI-0005,2019-08-23,0.34768440
AOI-0005,2019-08-24,0.32789643
AOI-0005,2019-09-03,0.31001300
AOI-0005,2019-09-07,0.33026993
AOI-0005,2019-09-08,0.32424114
AOI-0005,2019-09-15,0.25812203
AOI-0005,2020-04-22,0.43242050
AOI-0005,2020-05-08,0.59304227
AOI-0005,2020-08-16,0.45918378
AOI-0005,2020-08-23,0.40496441
AOI-0005,2020-08-24,0.40624331
AOI-0005,2020-09-02,0.34238890
AOI-0005,2020-09-17,0.30018967
AOI-0005,2020-09-29,0.30582715
AOI-0005,2021-04-21,0.46408467
AOI-0005,2021-07-12,0.53010590
AOI-0005,2021-08-29,0.42092416
AOI-0005,2021-09-04,0.36400560
AOI-0005,2021-09-30,0.40172012
AOI-0005,2021-10-14,0.32221211
AOI-0005,2022-05-09,0.78760576
AOI-0005,2022-05-30,0.80961232
AOI-0005,2022-07-19,0.43684298
AOI-0005,2022-07-21,0.44118145
AOI-0005,2022-07-28,0.49872597
AOI-0005,2022-08-03,0.44742648
AOI-0005,2022-08-14,0.45354906
AOI-0005,2022-08-28,0.39284296
AOI-0005,2022-10-01,0.36908818
AOI-0005,2023-07-14,0.57829102
AOI-0005,2023-07-29,0.54332611
AOI-0005,2023-08-08,0.48135032
AOI-0005,2023-08-29,0.43732349
AOI-0005,2023-09-12,0.36858172
AOI-0005,2023-09-14,0.38746193
AOI-0005,2023-09-26,0.34282211
AOI-0005,2023-10-17,0.26974390
AOI-0005,2024-05-31,0.69338621
AOI-0005,2024-06-03,0.68631562
AOI-0005,2024-07-28,0.38078998
AOI-0005,2024-08-22,0.33804977
AOI-0005,2024-08-28,0.37436340
AOI-0005,2024-09-16,0.32523430
AOI-0006,2010-04-15,0.43473230
AOI-0006,2010-05-09,0.74341496
AOI-0006,2010-07-13,0.28390720
AOI-0006,2010-07-28,0.30502006
AOI-0006,2010-07-29,0.24398961
AOI-0006,2010-08-05,0.21452747
AOI-0006,2011-04-02,0.16741192
AOI-0006,2011-04-19,0.19889859
AOI-0006,2011-05-21,0.26621728
AOI-0006,2011-07-16,0.71072927
AOI-0006,2011-08-08,0.46254969
AOI-0006,2011-08-09,0.45751413
AOI-0006,2011-10-16,0.27613127
AOI-0006,2012-04-22,0.78645250
AOI-0006,2012-06-09,0.52325515
AOI-0006,2012-10-15,0.26890591
AOI-0006,2013-07-21,0.69382624
AOI-0006,2013-08-21,0.36855551
AOI-0006,2013-10-24,0.21882261
AOI-0006,2014-04-07,0.65120999
AOI-0006,2014-06-13,0.38213048
AOI-0006,2014-06-26,0.32426713
AOI-0006,2014-07-31,0.18908333
AOI-0006,2014-08-29,0.22788552
AOI-0006,2015-06-09,0.82484834
AOI-0006,2015-07-26,0.31099653
AOI-0006,2015-08-03,0.31450403
AOI-0006,2015-08-11,0.31166364
AOI-0006,2015-08-12,0.30439747
AOI-0006,2015-10-16,0.23229484
AOI-0006,2016-04-22,0.51821264
AOI-0006,2016-04-23,0.46676410
AOI-0006,2016-05-08,0.48356057
AOI-0006,2017-04-23,0.33652407
AOI-0006,2017-05-09,0.38593442
AOI-0006,2017-07-25,0.73897375
AOI-0006,2017-09-01,0.23624320
AOI-0006,2017-09-14,0.29750786
AOI-0006,2017-10-04,0.18103702
AOI-0006,2018-06-08,0.40835556
AOI-0006,2018-08-13,0.47999542
AOI-0006,2018-09-20,0.21949187
AOI-0006,2018-10-16,0.25472631
AOI-0006,2019-04-21,0.71263292
AOI-0006,2019-04-23,0.79826504
AOI-0006,2019-05-21,0.86867741
AOI-0006,2019-06-27,0.25762242
AOI-0006,2019-08-22,0.17519057
AOI-0006,2019-09-03,0.14950497
AOI-0006,2020-04-06,0.26602689
AOI-0006,2020-04-30,0.19980490
AOI-0006,2020-05-20,0.27918948
AOI-0006,2020-06-05,0.61438563
AOI-0006,2020-08-03,0.41999008
AOI-0006,2020-09-01,0.33398676
AOI-0006,2021-04-06,0.30009983
AOI-0006,2021-05-20,0.88053653
AOI-0006,2021-06-16,0.82945600
AOI-0006,2021-08-29,0.24783953
AOI-0006,2021-10-02,0.20368344
AOI-0006,2022-04-24,0.78778907
AOI-0006,2022-06-10,0.79594514
AOI-0006,2022-08-23,0.15721552
AOI-0006,2022-09-17,0.16632379
AOI-0006,2022-09-30,0.23906307
AOI-0006,2022-10-02,0.20397051
AOI-0006,2022-10-12,0.20545972
AOI-0006,2023-04-10,0.23497256
AOI-0006,2023-04-23,0.42893252
AOI-0006,2023-05-06,0.35021125
AOI-0006,2023-05-13,0.24389521
AOI-0006,2023-06-10,0.62115095
AOI-0006,2023-06-15,0.59342668
AOI-0006,2023-07-16,0.73878464
AOI-0006,2023-08-28,0.48626343
AOI-0006,2023-09-02,0.41232145
AOI-0006,2023-09-14,0.37728085
AOI-0006,2023-09-18,0.37084184
AOI-0006,2023-09-26,0.29539913
AOI-0006,2023-10-02,0.20274944
AOI-0006,2023-10-16,0.24103357
AOI-0006,2023-10-17,0.20225478
AOI-0006,2024-06-03,0.71951573
AOI-0006,2024-06-24,0.32422753
AOI-0006,2024-07-03,0.22055636
AOI-0006,2024-07-13,0.22426630
AOI-0006,2024-09-28,0.17478392
AOI-0006,2024-10-06,0.16320346
AOI-0006,2024-10-26,0.17212498
AOI-0009,2010-04-07,0.50928742
AOI-0009,2010-05-18,0.67672848
AOI-0009,2010-06-10,0.41668783
AOI-0009,2010-09-14,0.26825154
AOI-0009,2010-09-30,0.22925256
AOI-0009,2011-05-25,0.55020222
AOI-0009,2011-07-12,0.66922197
AOI-0009,2011-07-28,0.58181135
AOI-0009,2011-08-17,0.40057184
AOI-0009,2011-09-10,0.30427281
AOI-0009,2012-04-29,0.57315675
AOI-0009,2012-05-08,0.69981694
AOI-0009,2012-08-12,0.30146188
AOI-0009,2012-08-28,0.33638247
AOI-0009,2012-09-29,0.29221524
AOI-0009,2012-10-06,0.25543231
AOI-0009,2013-04-07,0.30169880
AOI-0009,2013-07-21,0.50679304
AOI-0009,2013-08-13,0.39011283
AOI-0009,2013-09-14,0.30280170
AOI-0009,2014-04-07,0.73586951
AOI-0009,2014-04-27,0.77011398
AOI-0009,2014-05-29,0.82362398
AOI-0009,2014-06-10,0.57704525
AOI-0009,2014-06-22,0.41426239
AOI-0009,2014-08-01,0.22526879
AOI-0009,2014-08-09,0.21032343
AOI-0009,2014-08-17,0.19560676
AOI-0009,2014-08-29,0.22866481
AOI-0009,2015-04-14,0.40167864
AOI-0009,2015-05-24,0.74933016
AOI-0009,2015-06-26,0.41352151
AOI-0009,2015-10-07,0.20674277
AOI-0009,2016-05-02,0.60872261
AOI-0009,2016-06-25,0.48117065
AOI-0009,2016-07-05,0.44732087
AOI-0009,2016-07-13,0.45853534
AOI-0009,2016-10-25,0.21658783
AOI-0009,2017-04-01,0.21973002
AOI-0009,2017-04-23,0.59734806
AOI-0009,2017-05-21,0.79432704
AOI-0009,2017-07-12,0.31723997
AOI-0009,2017-07-24,0.21401693
AOI-0009,2017-08-09,0.16294074
AOI-0009,2017-08-11,0.15348631
AOI-0009,2017-08-14,0.17383309
AOI-0009,2017-08-29,0.20981949
AOI-0009,2017-09-05,0.15834127
AOI-0009,2017-09-13,0.18620420
AOI-0009,2017-09-15,0.17091844
AOI-0009,2018-04-14,0.44059975
AOI-0009,2018-04-23,0.72228657
AOI-0009,2018-07-12,0.28307535
AOI-0009,2018-09-29,0.18387283
AOI-0009,2018-09-30,0.20722309
AOI-0009,2018-10-13,0.20183641
AOI-0009,2019-04-01,0.23750150
AOI-0009,2019-04-25,0.34321920
AOI-0009,2019-05-09,0.56792770
AOI-0009,2019-05-18,0.52918976
AOI-0009,2019-05-28,0.72575598
AOI-0009,2019-06-28,0.20770391
AOI-0009,2019-08-07,0.26757861
AOI-0009,2019-08-21,0.19957057
AOI-0009,2019-08-26,0.17053371
AOI-0009,2019-08-31,0.17989810
AOI-0009,2019-10-15,0.23112905
AOI-0009,2020-05-13,0.66552531
AOI-0009,2020-05-15,0.65272030
AOI-0009,2020-05-24,0.67787693
AOI-0009,2020-05-27,0.68111453
AOI-0009,2020-05-29,0.67304260
AOI-0009,2020-06-06,0.63022303
AOI-0009,2020-06-11,0.58557510
AOI-0009,2020-06-29,0.22281287
AOI-0009,2020-07-06,0.17126394
AOI-0009,2020-07-24,0.14082707
AOI-0009,2020-07-27,0.21224179
AOI-0009,2020-08-03,0.16639088
AOI-0009,2020-08-12,0.15107735
AOI-0009,2020-08-15,0.12904253
AOI-0009,2020-08-17,0.10252047
AOI-0009,2020-08-28,0.20852388
AOI-0009,2020-09-02,0.16853429
AOI-0009,2020-09-29,0.21380087
AOI-0009,2020-10-07,0.18722812
AOI-0009,2020-10-15,0.20085627
AOI-0009,2021-04-06,0.35244812
AOI-0009,2021-04-30,0.65318345
AOI-0009,2021-05-15,0.79915288
AOI-0009,2021-05-16,0.78903174
AOI-0009,2021-07-14,0.19803761
AOI-0009,2021-07-21,0.17852050
AOI-0009,2021-07-26,0.17117696
AOI-0009,2021-07-29,0.18293863
AOI-0009,2021-08-20,0.18816623
AOI-0009,2021-09-27,0.32685326
AOI-0009,2021-10-02,0.35086257
AOI-0009,2021-10-12,0.32633968
AOI-0009,2021-10-15,0.38345770
AOI-0009,2022-04-02,0.46671886
AOI-0009,2022-06-06,0.79370746
AOI-0009,2022-06-08,0.79764848
AOI-0009,2022-06-11,0.81834653
AOI-0009,2022-07-12,0.26204585
AOI-0009,2022-07-14,0.18228409
AOI-0009,2022-08-23,0.18353834
AOI-0009,2022-09-30,0.24187119
AOI-0009,2022-10-02,0.19487879
AOI-0009,2022-10-19,0.24967144
AOI-0009,2022-10-22,0.23598740
AOI-0009,2023-05-17,0.86019683
AOI-0009,2023-05-25,0.81327508
AOI-0009,2023-06-19,0.70951756
AOI-0009,2023-06-26,0.44830615
AOI-0009,2023-07-25,0.29525737
AOI-0009,2023-08-13,0.31401162
AOI-0009,2023-08-26,0.27499868
AOI-0009,2023-08-28,0.27549790
AOI-0009,2023-08-29,0.30621315
AOI-0009,2023-09-14,0.30067883
AOI-0009,2023-10-02,0.20031035
AOI-0009,2023-10-12,0.22791626
AOI-0009,2024-05-08,0.45366432
AOI-0009,2024-06-18,0.65271688
AOI-0009,2024-06-23,0.67073976
AOI-0009,2024-06-28,0.68478933
AOI-0009,2024-07-08,0.62993594
AOI-0009,2024-08-04,0.53508316
AOI-0009,2024-08-09,0.49878563
AOI-0009,2024-08-20,0.41547090
AOI-0009,2024-08-27,0.33974405
AOI-0009,2024-09-03,0.25824279
AOI-0009,2024-09-06,0.25005638
AOI-0009,2024-09-08,0.25099390
AOI-0009,2024-09-13,0.28835844
AOI-0009,2024-10-08,0.16450018
AOI-0012,2010-07-13,0.29851061
AOI-0012,2010-08-22,0.23238340
AOI-0012,2010-10-25,0.28969002
AOI-0012,2011-05-21,0.72879212
AOI-0012,2011-07-12,0.37530143
AOI-0012,2011-08-13,0.31414001
AOI-0012,2011-09-02,0.27421548
AOI-0012,2012-04-22,0.39446218
AOI-0012,2012-06-09,0.34934389
AOI-0012,2012-06-25,0.36936836
AOI-0012,2012-08-03,0.27645239
AOI-0012,2012-08-28,0.28805935
AOI-0012,2012-09-13,0.29873807
AOI-0012,2012-10-06,0.26401024
AOI-0012,2013-05-09,0.73602466
AOI-0012,2013-06-10,0.51193808
AOI-0012,2013-07-13,0.29613491
AOI-0012,2013-07-29,0.28273095
AOI-0012,2013-10-09,0.34829844
AOI-0012,2013-10-25,0.33727918
AOI-0012,2014-06-06,0.55715903
AOI-0012,2014-06-22,0.33073518
AOI-0012,2014-06-26,0.32154534
AOI-0012,2014-06-30,0.30220038
AOI-0012,2014-08-13,0.25719903
AOI-0012,2014-09-14,0.26242156
AOI-0012,2014-10-16,0.26441875
AOI-0012,2014-10-28,0.18641251
AOI-0012,2015-05-25,0.41436421
AOI-0012,2015-06-09,0.40920543
AOI-0012,2015-08-12,0.22529619
AOI-0012,2015-08-13,0.28487099
AOI-0012,2015-08-20,0.25514882
AOI-0012,2015-09-14,0.29452042
AOI-0012,2016-08-06,0.32825319
AOI-0012,2017-04-03,0.27774964
AOI-0012,2017-04-07,0.41102464
AOI-0012,2017-05-06,0.60761780
AOI-0012,2017-07-24,0.20201069
AOI-0012,2017-08-01,0.17502390
AOI-0012,2017-08-04,0.17127651
AOI-0012,2017-08-13,0.22993843
AOI-0012,2017-08-14,0.15940942
AOI-0012,2017-08-17,0.16661707
AOI-0012,2017-09-05,0.18649338
AOI-0012,2017-09-08,0.20436887
AOI-0012,2017-09-30,0.27059221
AOI-0012,2017-10-04,0.21228108
AOI-0012,2018-04-11,0.61361124
AOI-0012,2018-05-24,0.81148578
AOI-0012,2018-05-25,0.78238944
AOI-0012,2018-06-09,0.44998006
AOI-0012,2018-09-13,0.19572273
AOI-0012,2018-09-30,0.21474799
AOI-0012,2019-04-01,0.42061223
AOI-0012,2019-06-07,0.58426029
AOI-0012,2019-06-17,0.27281568
AOI-0012,2019-06-28,0.21257343
AOI-0012,2019-07-22,0.18469419
AOI-0012,2019-08-13,0.27698740
AOI-0012,2019-09-13,0.19587424
AOI-0012,2020-04-02,0.53302057
AOI-0012,2020-04-25,0.65750719
AOI-0012,2020-05-15,0.70666087
AOI-0012,2020-06-09,0.50342533
AOI-0012,2020-06-26,0.22684223
AOI-0012,2020-07-24,0.16971867
AOI-0012,2020-08-03,0.17849817
AOI-0012,2020-08-05,0.16473982
AOI-0012,2020-08-12,0.20925659
AOI-0012,2020-09-09,0.16520315
AOI-0012,2020-09-12,0.15816098
AOI-0012,2020-09-22,0.15452279
AOI-0012,2020-09-26,0.18011416
AOI-0012,2020-10-17,0.16418639
AOI-0012,2021-05-08,0.36309466
AOI-0012,2021-05-25,0.36366904
AOI-0012,2021-06-06,0.30681276
AOI-0012,2021-06-26,0.27800056
AOI-0012,2021-07-16,0.16913893
AOI-0012,2021-07-21,0.18997037
AOI-0012,2021-07-24,0.19049290
AOI-0012,2021-08-18,0.20592006
AOI-0012,2021-08-25,0.22871501
AOI-0012,2021-08-30,0.25707194
AOI-0012,2021-09-07,0.23617414
AOI-0012,2022-06-06,0.79963372
AOI-0012,2022-06-19,0.62197065
AOI-0012,2022-07-01,0.24779120
AOI-0012,2022-07-28,0.25460291
AOI-0012,2022-08-28,0.33105733
AOI-0012,2022-09-08,0.20749064
AOI-0012,2022-09-14,0.23001892
AOI-0012,2023-04-10,0.61741301
AOI-0012,2023-06-06,0.80618722
AOI-0012,2023-06-23,0.35820480
AOI-0012,2023-07-26,0.16725494
AOI-0012,2023-08-05,0.18546374
AOI-0012,2023-08-15,0.17665574
AOI-0012,2023-10-07,0.22374336
AOI-0012,2023-10-11,0.23374311
AOI-0012,2024-04-01,0.67664564
AOI-0012,2024-04-06,0.67368873
AOI-0012,2024-05-08,0.83754796
AOI-0012,2024-05-09,0.83553105
AOI-0012,2024-06-17,0.27759798
AOI-0012,2024-07-08,0.16875929
AOI-0012,2024-07-10,0.17219729
AOI-0012,2024-07-20,0.15912272
AOI-0012,2024-08-22,0.17671579
AOI-0012,2024-10-07,0.21053991
AOI-0012,2024-10-15,0.21783087
AOI-0016,2010-04-24,0.42382745
AOI-0016,2010-08-29,0.56758562
AOI-0016,2011-05-09,0.67561830
AOI-0016,2011-06-06,0.76464502
AOI-0016,2011-06-10,0.72395037
AOI-0016,2011-06-30,0.67640978
AOI-0016,2011-07-28,0.53682252
AOI-0016,2012-04-29,0.58790670
AOI-0016,2012-07-11,0.69801518
AOI-0016,2012-07-27,0.62087478
AOI-0016,2012-09-11,0.49062009
AOI-0016,2012-10-15,0.52069272
AOI-0016,2013-06-03,0.76536777
AOI-0016,2013-07-28,0.71481866
AOI-0016,2013-08-13,0.65624065
AOI-0016,2013-10-24,0.55003386
AOI-0016,2014-04-07,0.37351675
AOI-0016,2014-05-09,0.67813540
AOI-0016,2014-05-21,0.71769247
AOI-0016,2014-06-29,0.63939650
AOI-0016,2014-07-08,0.61925482
AOI-0016,2014-07-28,0.59824961
AOI-0016,2015-04-06,0.31829474
AOI-0016,2015-06-24,0.69871925
AOI-0016,2015-07-12,0.68707849
AOI-0016,2015-10-07,0.36629197
AOI-0016,2016-05-25,0.55110808
AOI-0016,2016-06-03,0.51191946
AOI-0016,2016-06-19,0.44919093
AOI-0016,2016-07-04,0.52059307
AOI-0016,2016-07-05,0.53567773
AOI-0016,2016-07-27,0.78844855
AOI-0016,2017-04-03,0.24158170
AOI-0016,2017-04-13,0.24603383
AOI-0016,2017-08-09,0.56698261
AOI-0016,2017-08-11,0.54246768
AOI-0016,2017-08-17,0.53050891
AOI-0016,2017-09-15,0.45463073
AOI-0016,2018-04-06,0.24603347
AOI-0016,2018-04-07,0.27187691
AOI-0016,2018-04-11,0.20388413
AOI-0016,2018-05-16,0.29761678
AOI-0016,2018-06-02,0.33330723
AOI-0016,2019-04-06,0.21862780
AOI-0016,2019-04-21,0.26447103
AOI-0016,2019-05-11,0.26646671
AOI-0016,2019-06-26,0.72420048
AOI-0016,2019-07-06,0.58219054
AOI-0016,2019-07-17,0.70082656
AOI-0016,2019-07-28,0.74388344
AOI-0016,2019-08-24,0.35837192
AOI-0016,2019-09-13,0.29963985
AOI-0016,2019-09-23,0.18361155
AOI-0016,2020-05-04,0.25351155
AOI-0016,2020-06-26,0.69020438
AOI-0016,2020-07-07,0.71547117
AOI-0016,2020-08-08,0.47006964
AOI-0016,2020-08-24,0.31446780
AOI-0016,2020-08-30,0.26724221
AOI-0016,2020-09-17,0.17990815
AOI-0016,2020-09-19,0.16522858
AOI-0016,2020-10-03,0.17093866
AOI-0016,2020-10-17,0.17011314
AOI-0016,2021-04-02,0.42766621
AOI-0016,2021-04-15,0.49529997
AOI-0016,2021-05-12,0.80426057
AOI-0016,2021-06-14,0.79168660
AOI-0016,2021-07-14,0.21747831
AOI-0016,2021-07-24,0.17768403
AOI-0016,2021-08-03,0.18750794
AOI-0016,2021-08-29,0.27494912
AOI-0016,2021-09-17,0.20684306
AOI-0016,2021-09-29,0.21822358
AOI-0016,2021-10-14,0.16461287
AOI-0016,2022-06-04,0.28947612
AOI-0016,2022-06-06,0.31163741
AOI-0016,2022-07-06,0.80456765
AOI-0016,2022-07-19,0.76121579
AOI-0016,2022-07-21,0.76242700
AOI-0016,2022-07-29,0.76221214
AOI-0016,2022-08-03,0.78298604
AOI-0016,2022-08-05,0.74658330
AOI-0016,2022-08-08,0.67046501
AOI-0016,2022-08-13,0.53201003
AOI-0016,2022-08-23,0.38167422
AOI-0016,2022-09-27,0.21789834
AOI-0016,2022-10-19,0.19533143
AOI-0016,2023-04-11,0.69198298
AOI-0016,2023-05-05,0.86438385
AOI-0016,2023-05-25,0.78238842
AOI-0016,2023-06-07,0.76859265
AOI-0016,2023-06-11,0.67553761
AOI-0016,2023-07-16,0.28657449
AOI-0016,2023-07-17,0.26283070
AOI-0016,2023-07-24,0.35208912
AOI-0016,2023-07-28,0.39973205
AOI-0016,2023-08-17,0.20974080
AOI-0016,2023-08-25,0.16623733
AOI-0016,2023-09-07,0.15802977
AOI-0016,2023-09-26,0.18814720
AOI-0016,2023-10-16,0.23929288
AOI-0016,2023-10-19,0.22336225
AOI-0016,2024-04-26,0.37204935
AOI-0016,2024-05-04,0.41069813
AOI-0016,2024-05-06,0.41420490
AOI-0016,2024-05-09,0.51080287
AOI-0016,2024-06-05,0.39014829
AOI-0016,2024-06-13,0.33932409
AOI-0016,2024-06-24,0.32661870
AOI-0016,2024-07-10,0.29352177
AOI-0016,2024-07-18,0.25143017
AOI-0016,2024-09-11,0.19460851
AOI-0016,2024-09-16,0.20145155
AOI-0016,2024-10-07,0.21062471
AOI-0016,2024-10-30,0.22486981
AOI-0018,2010-07-12,0.75031166
AOI-0018,2010-08-29,0.59540699
AOI-0018,2010-09-30,0.44381748
AOI-0018,2011-04-26,0.26459146
AOI-0018,2011-05-21,0.60672426
AOI-0018,2011-05-25,0.80629614
AOI-0018,2011-06-22,0.74646313
AOI-0018,2011-06-26,0.76694895
AOI-0018,2011-07-15,0.62762354
AOI-0018,2011-07-28,0.62599850
AOI-0018,2011-08-17,0.62847582
AOI-0018,2011-10-27,0.51620758
AOI-0018,2012-04-06,0.40951474
AOI-0018,2012-07-25,0.69844107
AOI-0018,2012-07-27,0.67552985
AOI-0018,2012-09-04,0.56425895
AOI-0018,2012-10-06,0.64272731
AOI-0018,2012-10-15,0.63118122
AOI-0018,2013-06-11,0.62034117
AOI-0018,2013-08-13,0.72797918
AOI-0018,2013-08-21,0.65488003
AOI-0018,2013-09-22,0.54775246
AOI-0018,2013-10-16,0.64050250
AOI-0018,2014-05-09,0.69608423
AOI-0018,2014-06-06,0.64630003
AOI-0018,2014-06-10,0.68748603
AOI-0018,2014-09-14,0.50641060
AOI-0018,2015-04-07,0.49969035
AOI-0018,2015-05-23,0.66147326
AOI-0018,2015-05-25,0.65544162
AOI-0018,2015-08-04,0.45210309
AOI-0018,2015-08-11,0.45323477
AOI-0018,2015-09-28,0.41324348
AOI-0018,2016-05-18,0.76700913
AOI-0018,2016-06-03,0.70730180
AOI-0018,2016-06-18,0.76420877
AOI-0018,2016-07-13,0.58089459
AOI-0018,2016-08-22,0.46472275
AOI-0018,2016-10-16,0.57196786
AOI-0018,2017-07-12,0.70175975
AOI-0018,2017-08-08,0.63032814
AOI-0018,2017-08-13,0.57523255
AOI-0018,2017-09-02,0.60164939
AOI-0018,2017-09-26,0.51072340
AOI-0018,2017-10-04,0.40719631
AOI-0018,2017-10-05,0.40559052
AOI-0018,2017-10-08,0.41432933
AOI-0018,2018-06-15,0.61880929
AOI-0018,2018-07-18,0.55386003
AOI-0018,2018-07-28,0.51101850
AOI-0018,2018-08-13,0.39235198
AOI-0018,2018-08-20,0.33298170
AOI-0018,2018-09-05,0.27072547
AOI-0018,2018-10-07,0.24386520
AOI-0018,2019-04-28,0.44509460
AOI-0018,2019-05-02,0.38036182
AOI-0018,2019-05-06,0.30959843
AOI-0018,2019-05-13,0.30530632
AOI-0018,2019-05-18,0.27128820
AOI-0018,2019-05-21,0.25728317
AOI-0018,2019-05-25,0.43710279
AOI-0018,2019-06-25,0.37877545
AOI-0018,2019-06-26,0.42353717
AOI-0018,2019-07-12,0.62725522
AOI-0018,2019-08-29,0.54760818
AOI-0018,2019-09-03,0.44621406
AOI-0018,2019-09-10,0.35010477
AOI-0018,2019-10-10,0.27214463
AOI-0018,2019-10-13,0.26981198
AOI-0018,2020-06-11,0.63724097
AOI-0018,2020-06-25,0.39891962
AOI-0018,2020-07-14,0.17490639
AOI-0018,2020-08-20,0.24928349
AOI-0018,2020-09-02,0.20465537
AOI-0018,2020-09-04,0.21313163
AOI-0018,2020-09-12,0.20377805
AOI-0018,2020-09-26,0.20693468
AOI-0018,2020-10-07,0.19528450
AOI-0018,2020-10-09,0.21304323
AOI-0018,2020-10-27,0.15021218
AOI-0018,2021-04-02,0.37109392
AOI-0018,2021-04-07,0.47687835
AOI-0018,2021-05-09,0.82842186
AOI-0018,2021-05-12,0.84134592
AOI-0018,2021-05-20,0.86726331
AOI-0018,2021-05-23,0.87013147
AOI-0018,2021-06-14,0.78337191
AOI-0018,2021-07-19,0.23371462
AOI-0018,2021-07-28,0.31197935
AOI-0018,2021-08-12,0.21413404
AOI-0018,2021-08-23,0.25171293
AOI-0018,2021-08-25,0.24424439
AOI-0018,2021-08-29,0.31958853
AOI-0018,2021-09-13,0.24691034
AOI-0018,2021-10-27,0.27733282
AOI-0018,2022-04-05,0.23339818
AOI-0018,2022-04-08,0.27908676
AOI-0018,2022-05-20,0.33354863
AOI-0018,2022-06-04,0.38436187
AOI-0018,2022-06-08,0.50797015
AOI-0018,2022-06-19,0.70148298
AOI-0018,2022-06-24,0.71505351
AOI-0018,2022-07-22,0.77491985
AOI-0018,2022-07-30,0.79514463
AOI-0018,2022-08-10,0.69132109
AOI-0018,2022-08-28,0.36608405
AOI-0018,2022-08-31,0.30581995
AOI-0018,2022-10-19,0.20207029
AOI-0018,2023-04-04,0.63709878
AOI-0018,2023-04-10,0.66389893
AOI-0018,2023-05-09,0.89436118
AOI-0018,2023-05-15,0.86467502
AOI-0018,2023-05-25,0.85899641
AOI-0018,2023-06-24,0.41011737
AOI-0018,2023-07-06,0.31793531
AOI-0018,2023-07-16,0.30220916
AOI-0018,2023-07-24,0.31376740
AOI-0018,2023-08-02,0.24133731
AOI-0018,2023-08-30,0.21719742
AOI-0018,2023-09-12,0.20261219
AOI-0018,2023-09-18,0.24504226
AOI-0018,2023-10-12,0.22045559
AOI-0018,2023-10-19,0.20896568
AOI-0018,2024-04-05,0.20933531
AOI-0018,2024-04-29,0.30501955
AOI-0018,2024-05-07,0.35365151
AOI-0018,2024-06-17,0.78143102
AOI-0018,2024-06-25,0.69575469
AOI-0018,2024-06-28,0.67022071
AOI-0018,2024-07-05,0.66901457
AOI-0018,2024-08-03,0.52984509
AOI-0018,2024-08-20,0.29038963
AOI-0018,2024-09-20,0.23647652
AOI-0018,2024-09-23,0.21043416
AOI-0018,2024-10-01,0.19540982
AOI-0018,2024-10-30,0.23157797
AOI-0024,2010-04-23,0.29795744
AOI-0024,2010-06-19,0.34441413
AOI-0024,2010-07-28,0.75681403
AOI-0024,2010-10-16,0.25500685
AOI-0024,2011-06-14,0.32762752
AOI-0024,2011-06-26,0.42077251
AOI-0024,2011-07-16,0.45519050
AOI-0024,2011-09-14,0.43962706
AOI-0024,2011-10-16,0.30901183
AOI-0024,2012-04-04,0.26446778
AOI-0024,2012-04-06,0.31283036
AOI-0024,2012-06-23,0.47312795
AOI-0024,2012-07-18,0.30511459
AOI-0024,2012-08-28,0.27685106
AOI-0024,2012-09-04,0.28230542
AOI-0024,2012-09-13,0.27082030
AOI-0024,2012-09-27,0.30362236
AOI-0024,2013-04-16,0.21402727
AOI-0024,2013-06-11,0.42673475
AOI-0024,2013-07-20,0.54416529
AOI-0024,2013-07-29,0.46224761
AOI-0024,2013-08-22,0.40647687
AOI-0024,2013-09-14,0.40012976
AOI-0024,2014-05-09,0.72679655
AOI-0024,2014-07-12,0.35051247
AOI-0024,2014-08-09,0.16637814
AOI-0024,2014-08-16,0.16624643
AOI-0024,2014-09-30,0.24417928
AOI-0024,2014-10-04,0.21176656
AOI-0024,2015-04-14,0.30669791
AOI-0024,2015-07-11,0.31690978
AOI-0024,2015-07-12,0.36805090
AOI-0024,2015-07-28,0.36785723
AOI-0024,2015-09-29,0.25445707
AOI-0024,2016-04-08,0.28237189
AOI-0024,2016-04-23,0.30949173
AOI-0024,2016-06-19,0.62591745
AOI-0024,2016-08-12,0.70508128
AOI-0024,2016-08-22,0.57835385
AOI-0024,2016-08-30,0.52894732
AOI-0024,2016-09-14,0.33574498
AOI-0024,2016-10-16,0.25833026
AOI-0024,2017-04-26,0.50460467
AOI-0024,2017-05-01,0.59323548
AOI-0024,2017-05-12,0.70802968
AOI-0024,2017-05-29,0.76978382
AOI-0024,2017-06-13,0.72401023
AOI-0024,2017-06-14,0.72959208
AOI-0024,2017-06-29,0.36953928
AOI-0024,2017-07-07,0.30681738
AOI-0024,2017-07-15,0.25648339
AOI-0024,2017-08-01,0.19780366
AOI-0024,2017-08-04,0.20349872
AOI-0024,2017-08-08,0.21642656
AOI-0024,2017-08-16,0.16776208
AOI-0024,2017-08-24,0.18822844
AOI-0024,2017-09-02,0.18310640
AOI-0024,2017-09-05,0.18884072
AOI-0024,2017-09-18,0.17897622
AOI-0024,2017-09-30,0.23955043
AOI-0024,2018-04-14,0.21358204
AOI-0024,2018-06-24,0.36871202
AOI-0024,2018-06-25,0.34915683
AOI-0024,2018-08-19,0.20207730
AOI-0024,2018-09-04,0.20012439
AOI-0024,2018-09-29,0.16613583
AOI-0024,2019-04-01,0.31659960
AOI-0024,2019-04-21,0.48703185
AOI-0024,2019-05-11,0.73190647
AOI-0024,2019-05-28,0.86622576
AOI-0024,2019-08-23,0.23168911
AOI-0024,2019-08-24,0.22325997
AOI-0024,2019-09-14,0.31368420
AOI-0024,2019-09-15,0.21393113
AOI-0024,2019-09-16,0.24961319
AOI-0024,2019-10-09,0.32140688
AOI-0024,2019-10-26,0.24784710
AOI-0024,2020-04-30,0.19757075
AOI-0024,2020-05-27,0.25428927
AOI-0024,2020-07-07,0.67965936
AOI-0024,2020-08-09,0.37273123
AOI-0024,2020-08-12,0.36360703
AOI-0024,2020-09-22,0.18381615
AOI-0024,2020-10-15,0.24209223
AOI-0024,2021-06-10,0.79803631
AOI-0024,2021-07-12,0.29555357
AOI-0024,2021-08-03,0.19670009
AOI-0024,2021-08-12,0.19572274
AOI-0024,2021-08-23,0.16557253
AOI-0024,2021-08-25,0.27287217
AOI-0024,2022-04-05,0.46157223
AOI-0024,2022-05-25,0.84516250
AOI-0024,2022-06-04,0.84603175
AOI-0024,2022-06-30,0.30166602
AOI-0024,2022-07-01,0.29106671
AOI-0024,2022-07-17,0.24028451
AOI-0024,2022-08-22,0.25946623
AOI-0024,2022-09-01,0.30774489
AOI-0024,2022-09-30,0.37125582
AOI-0024,2022-10-01,0.31505646
AOI-0024,2023-04-23,0.42371043
AOI-0024,2023-04-27,0.30752932
AOI-0024,2023-05-12,0.33353471
AOI-0024,2023-05-17,0.30502810
AOI-0024,2023-06-19,0.55324447
AOI-0024,2023-07-05,0.75479104
AOI-0024,2023-07-21,0.76351881
AOI-0024,2023-08-01,0.77785379
AOI-0024,2023-08-06,0.78825248
AOI-0024,2023-08-13,0.70235759
AOI-0024,2023-08-18,0.56101776
AOI-0024,2023-09-22,0.27326666
AOI-0024,2023-09-29,0.20664226
AOI-0024,2023-10-11,0.19786207
AOI-0024,2023-10-12,0.17656907
AOI-0024,2024-04-05,0.65611276
AOI-0024,2024-04-11,0.73477652
AOI-0024,2024-05-23,0.85762843
AOI-0024,2024-06-24,0.29555747
AOI-0024,2024-06-28,0.23306449
AOI-0024,2024-07-11,0.22492494
AOI-0024,2024-07-15,0.19133367
AOI-0024,2024-07-27,0.20671008
AOI-0024,2024-07-30,0.16728732
AOI-0024,2024-08-09,0.17748009
AOI-0024,2024-09-21,0.15057368
AOI-0024,2024-10-03,0.17878172
AOI-0024,2024-10-08,0.15660217
AOI-0025,2010-06-02,0.52523663
AOI-0025,2011-04-02,0.16971330
AOI-0025,2011-04-07,0.25461225
AOI-0025,2011-06-26,0.39600774
AOI-0025,2011-08-08,0.21974931
AOI-0025,2012-04-04,0.49630412
AOI-0025,2012-05-24,0.66941452
AOI-0025,2012-08-26,0.22151622
AOI-0025,2013-04-07,0.37892993
AOI-0025,2013-04-23,0.45711527
AOI-0025,2013-08-13,0.28841926
AOI-0025,2013-10-16,0.61972938
AOI-0025,2014-04-18,0.82731224
AOI-0025,2014-05-09,0.86146158
AOI-0025,2014-07-28,0.30969145
AOI-0025,2014-08-24,0.20340083
AOI-0025,2015-04-13,0.26678043
AOI-0025,2015-05-25,0.42864158
AOI-0025,2015-08-13,0.26168194
AOI-0025,2015-09-14,0.25843942
AOI-0025,2016-04-06,0.65631798
AOI-0025,2016-05-09,0.80535234
AOI-0025,2016-05-25,0.80862944
AOI-0025,2016-06-10,0.43040315
AOI-0025,2016-06-18,0.40154437
AOI-0025,2016-07-11,0.32215125
AOI-0025,2016-07-27,0.25169968
AOI-0025,2016-08-12,0.27272612
AOI-0025,2016-09-13,0.28752729
AOI-0025,2016-10-15,0.29739938
AOI-0025,2016-10-24,0.25801597
AOI-0025,2017-04-02,0.16126385
AOI-0025,2017-04-23,0.37148659
AOI-0025,2017-05-25,0.46205102
AOI-0025,2017-07-28,0.58237438
AOI-0025,2017-07-31,0.56804208
AOI-0025,2017-08-09,0.29618121
AOI-0025,2017-08-29,0.24266354
AOI-0025,2018-07-26,0.28821086
AOI-0025,2018-09-12,0.19673405
AOI-0025,2019-04-07,0.24885359
AOI-0025,2019-05-02,0.20028213
AOI-0025,2019-06-27,0.19698865
AOI-0025,2019-08-06,0.17854563
AOI-0025,2019-08-19,0.14951763
AOI-0025,2019-08-22,0.15923619
AOI-0025,2019-08-29,0.22026281
AOI-0025,2019-09-14,0.26267163
AOI-0025,2019-09-23,0.20196167
AOI-0025,2019-10-23,0.59778689
AOI-0025,2020-05-30,0.84855156
AOI-0025,2020-08-13,0.16157398
AOI-0025,2020-09-22,0.14475456
AOI-0025,2020-10-12,0.13830818
AOI-0025,2021-05-31,0.69890959
AOI-0025,2021-06-24,0.63834824
AOI-0025,2021-07-14,0.20026117
AOI-0025,2021-07-28,0.22891734
AOI-0025,2021-09-14,0.23428434
AOI-0025,2021-10-16,0.26645802
AOI-0025,2022-06-09,0.83854482
AOI-0025,2022-06-11,0.85913825
AOI-0025,2022-06-13,0.83160475
AOI-0025,2022-06-29,0.33684458
AOI-0025,2022-07-21,0.16136185
AOI-0025,2022-08-13,0.19689495
AOI-0025,2022-08-14,0.16517166
AOI-0025,2022-08-29,0.21988496
AOI-0025,2022-09-30,0.22045785
AOI-0025,2023-05-09,0.44341391
AOI-0025,2023-05-15,0.32754561
AOI-0025,2023-06-26,0.72893857
AOI-0025,2023-07-16,0.71997201
AOI-0025,2023-08-01,0.76534347
AOI-0025,2023-08-13,0.66634332
AOI-0025,2023-09-30,0.25579334
AOI-0025,2024-05-07,0.80315899
AOI-0025,2024-05-23,0.79624979
AOI-0025,2024-07-18,0.17465277
AOI-0025,2024-07-28,0.16199082
AOI-0025,2024-08-12,0.19973330
AOI-0025,2024-08-17,0.17523452
AOI-0025,2024-09-16,0.15430914
AOI-0025,2024-09-26,0.15743134
AOI-0025,2024-10-11,0.14008046
AOI-0025,2024-10-30,0.14571896
AOI-0029,2010-08-13,0.22812061
AOI-0029,2010-08-29,0.21521606
AOI-0029,2011-04-26,0.46370803
AOI-0029,2012-05-24,0.52850311
AOI-0029,2012-06-09,0.63381125
AOI-0029,2012-07-27,0.42056677
AOI-0029,2012-09-27,0.18194273
AOI-0029,2013-04-15,0.76385813
AOI-0029,2013-05-09,0.81633876
AOI-0029,2014-05-20,0.32010789
AOI-0029,2014-06-10,0.32453915
AOI-0029,2014-07-28,0.23413298
AOI-0029,2014-08-13,0.21833958
AOI-0029,2015-04-23,0.82594575
AOI-0029,2016-04-07,0.25125242
AOI-0029,2016-06-18,0.76643605
AOI-0029,2016-07-04,0.75115689
AOI-0029,2016-08-13,0.36123426
AOI-0029,2016-09-29,0.35405536
AOI-0029,2017-04-01,0.56611728
AOI-0029,2017-04-07,0.63294570
AOI-0029,2017-05-01,0.67852816
AOI-0029,2017-06-10,0.52168620
AOI-0029,2017-06-26,0.33071214
AOI-0029,2017-08-04,0.17794822
AOI-0029,2017-08-09,0.15425935
AOI-0029,2017-08-13,0.20746318
AOI-0029,2017-09-01,0.21990403
AOI-0029,2017-09-30,0.23877656
AOI-0029,2018-04-23,0.38626580
AOI-0029,2018-06-16,0.22200122
AOI-0029,2018-09-12,0.18008528
AOI-0029,2018-09-18,0.17769851
AOI-0029,2018-09-30,0.26005396
AOI-0029,2019-04-11,0.47071160
AOI-0029,2019-04-23,0.75148981
AOI-0029,2019-06-05,0.81395000
AOI-0029,2019-06-15,0.63541602
AOI-0029,2019-06-25,0.26407154
AOI-0029,2019-07-25,0.17206425
AOI-0029,2019-07-28,0.24392374
AOI-0029,2019-09-13,0.16505927
AOI-0029,2019-09-23,0.16367347
AOI-0029,2020-04-02,0.23293065
AOI-0029,2020-04-06,0.31044758
AOI-0029,2020-05-20,0.62272176
AOI-0029,2020-07-14,0.14603350
AOI-0029,2020-07-23,0.15145981
AOI-0029,2020-08-03,0.16952623
AOI-0029,2020-09-02,0.13730682
AOI-0029,2020-09-17,0.14785028
AOI-0029,2020-09-25,0.16666465
AOI-0029,2021-04-21,0.49374869
AOI-0029,2021-05-07,0.71686488
AOI-0029,2021-05-23,0.87880430
AOI-0029,2021-06-16,0.83968668
AOI-0029,2021-06-19,0.81648854
AOI-0029,2021-06-26,0.59908957
AOI-0029,2021-07-10,0.28674455
AOI-0029,2021-09-17,0.17584570
AOI-0029,2021-10-07,0.21495260
AOI-0029,2021-10-22,0.28027181
AOI-0029,2021-10-27,0.29916531
AOI-0029,2022-04-10,0.25303587
AOI-0029,2022-04-15,0.31014753
AOI-0029,2022-06-09,0.44133755
AOI-0029,2022-06-19,0.70486658
AOI-0029,2022-07-05,0.75763008
AOI-0029,2022-07-12,0.71218475
AOI-0029,2022-08-03,0.64722452
AOI-0029,2022-08-29,0.35486780
AOI-0029,2022-09-17,0.23825937
AOI-0029,2023-06-30,0.34928263
AOI-0029,2023-07-12,0.30183086
AOI-0029,2023-07-28,0.23939929
AOI-0029,2023-08-01,0.22437591
AOI-0029,2023-08-09,0.25625170
AOI-0029,2023-08-25,0.18638741
AOI-0029,2023-09-22,0.15372243
AOI-0029,2023-09-24,0.15228641
AOI-0029,2024-05-24,0.28477641
AOI-0029,2024-06-24,0.18629503
AOI-0029,2024-06-28,0.16686116
AOI-0029,2024-07-03,0.16842231
AOI-0029,2024-07-11,0.22151485
AOI-0029,2024-09-28,0.16077572
AOI-0034,2010-04-26,0.30026500
AOI-0034,2010-05-28,0.56429770
AOI-0034,2010-06-12,0.58847658
AOI-0034,2010-07-31,0.21774636
AOI-0034,2011-04-07,0.33815988
AOI-0034,2011-04-28,0.32121194
AOI-0034,2011-06-16,0.29301339
AOI-0034,2011-06-26,0.28951050
AOI-0034,2011-07-26,0.16329489
AOI-0034,2011-08-18,0.15966319
AOI-0034,2011-09-27,0.22117160
AOI-0034,2011-09-30,0.33800177
AOI-0034,2012-05-01,0.57702384
AOI-0034,2012-05-17,0.53758027
AOI-0034,2012-05-24,0.51418966
AOI-0034,2012-06-09,0.42198989
AOI-0034,2012-06-25,0.31025392
AOI-0034,2012-07-27,0.21338672
AOI-0034,2012-08-12,0.18543286
AOI-0034,2013-04-02,0.15701206
AOI-0034,2013-04-18,0.29024822
AOI-0034,2013-05-11,0.37713041
AOI-0034,2013-06-13,0.19342772
AOI-0034,2013-06-21,0.18226729
AOI-0034,2013-07-14,0.20144296
AOI-0034,2013-08-23,0.22365973
AOI-0034,2013-10-10,0.34778541
AOI-0034,2014-07-10,0.15833358
AOI-0034,2014-10-29,0.14514324
AOI-0034,2015-04-24,0.22087584
AOI-0034,2015-05-26,0.19744726
AOI-0034,2015-07-04,0.15971451
AOI-0034,2015-08-13,0.16824976
AOI-0034,2015-08-29,0.18295459
AOI-0034,2015-09-07,0.14235581
AOI-0034,2015-09-15,0.15004844
AOI-0034,2015-09-22,0.15829750
AOI-0034,2015-10-08,0.17309976
AOI-0034,2016-06-12,0.47497410
AOI-0034,2016-06-21,0.25490161
AOI-0034,2016-07-27,0.23899599
AOI-0034,2016-08-31,0.14535862
AOI-0034,2016-10-15,0.22975929
AOI-0034,2016-10-26,0.15830627
AOI-0034,2017-04-03,0.18108964
AOI-0034,2017-04-04,0.17739102
AOI-0034,2017-05-07,0.22986529
AOI-0034,2017-06-10,0.24623420
AOI-0034,2017-07-17,0.15054605
AOI-0034,2017-07-25,0.20938965
AOI-0034,2017-08-02,0.14950135
AOI-0034,2017-08-06,0.13105104
AOI-0034,2017-08-19,0.13432062
AOI-0034,2017-09-11,0.17531427
AOI-0034,2017-09-28,0.28366333
AOI-0034,2018-04-28,0.80585870
AOI-0034,2018-05-17,0.83024677
AOI-0034,2018-05-30,0.69732297
AOI-0034,2018-06-11,0.32848556
AOI-0034,2018-06-27,0.16172932
AOI-0034,2018-09-05,0.13341308
AOI-0034,2019-04-23,0.22438756
AOI-0034,2019-05-18,0.17738597
AOI-0034,2019-05-29,0.18335277
AOI-0034,2019-06-04,0.15173512
AOI-0034,2019-06-17,0.15476213
AOI-0034,2019-06-22,0.14414463
AOI-0034,2019-06-24,0.15107846
AOI-0034,2019-06-27,0.12905869
AOI-0034,2019-07-19,0.12984164
AOI-0034,2019-07-29,0.13269078
AOI-0034,2019-08-11,0.13999793
AOI-0034,2019-08-13,0.16786171
AOI-0034,2019-09-02,0.12931998
AOI-0034,2019-09-14,0.24797992
AOI-0034,2019-09-17,0.14794744
AOI-0034,2019-10-22,0.70576771
AOI-0034,2020-04-14,0.78449158
AOI-0034,2020-04-17,0.73446129
AOI-0034,2020-04-29,0.62487536
AOI-0034,2020-05-04,0.67811304
AOI-0034,2020-05-24,0.69019932
AOI-0034,2020-05-31,0.46322544
AOI-0034,2020-06-03,0.48358803
AOI-0034,2020-07-10,0.14654739
AOI-0034,2020-07-16,0.11623531
AOI-0034,2020-07-23,0.11288021
AOI-0034,2020-07-25,0.14544092
AOI-0034,2020-07-28,0.12878118
AOI-0034,2020-07-31,0.14017540
AOI-0034,2020-08-07,0.12913025
AOI-0034,2020-08-11,0.14903093
AOI-0034,2020-09-03,0.12681519
AOI-0034,2020-09-04,0.11852812
AOI-0034,2020-09-29,0.16419475
AOI-0034,2020-10-15,0.16806903
AOI-0034,2021-04-12,0.15091768
AOI-0034,2021-04-22,0.13538404
AOI-0034,2021-05-01,0.15328020
AOI-0034,2021-05-07,0.15489623
AOI-0034,2021-05-10,0.18111896
AOI-0034,2021-05-29,0.15896397
AOI-0034,2021-07-26,0.10085376
AOI-0034,2021-07-28,0.18009582
AOI-0034,2021-07-31,0.11506447
AOI-0034,2021-08-02,0.12547058
AOI-0034,2021-08-06,0.15181051
AOI-0034,2021-08-17,0.13891834
AOI-0034,2021-08-29,0.20435464
AOI-0034,2021-09-11,0.12591271
AOI-0034,2021-09-14,0.07557717
AOI-0034,2021-09-15,0.05678212
AOI-0034,2021-10-06,0.26919158
AOI-0034,2021-10-09,0.28821868
AOI-0034,2022-04-12,0.73428689
AOI-0034,2022-05-29,0.82955110
AOI-0034,2022-06-11,0.44197900
AOI-0034,2022-06-20,0.27656223
AOI-0034,2022-06-30,0.23193798
AOI-0034,2022-08-25,0.14333846
AOI-0034,2022-09-06,0.12761547
AOI-0034,2022-09-09,0.13092176
AOI-0034,2022-10-01,0.15336155
AOI-0034,2022-10-06,0.14773228
AOI-0034,2023-04-04,0.16724807
AOI-0034,2023-04-17,0.15943669
AOI-0034,2023-04-23,0.25620416
AOI-0034,2023-05-31,0.17807636
AOI-0034,2023-07-21,0.13697795
AOI-0034,2023-07-23,0.12185702
AOI-0034,2023-07-28,0.21283787
AOI-0034,2023-08-08,0.19089294
AOI-0034,2023-08-17,0.15277058
AOI-0034,2023-09-26,0.20934107
AOI-0034,2023-09-28,0.23900747
AOI-0034,2023-09-30,0.33905270
AOI-0034,2023-10-01,0.28710843
AOI-0034,2024-04-28,0.81332855
AOI-0034,2024-05-09,0.76971383
AOI-0034,2024-05-10,0.76129322
AOI-0034,2024-05-21,0.69507982
AOI-0034,2024-06-26,0.22282701
AOI-0034,2024-08-16,0.13355334
AOI-0034,2024-09-06,0.13277106
AOI-0034,2024-09-07,0.14192569
AOI-0034,2024-09-13,0.15746571
AOI-0034,2024-09-14,0.14005800
AOI-0034,2024-10-05,0.13325320
AOI-0034,2024-10-09,0.15445608
AOI-0034,2024-10-15,0.18007227
AOI-0034,2024-10-25,0.13840246
AOI-0034,2024-10-30,0.13728217
AOI-0036,2010-05-28,0.32277402
AOI-0036,2010-06-10,0.43745471
AOI-0036,2010-07-06,0.28500264
AOI-0036,2010-07-07,0.28531612
AOI-0036,2010-07-28,0.24912553
AOI-0036,2010-07-30,0.21089718
AOI-0036,2010-09-01,0.14967220
AOI-0036,2010-09-14,0.19746051
AOI-0036,2010-09-30,0.20878177
AOI-0036,2011-07-01,0.36719234
AOI-0036,2011-07-12,0.36700297
AOI-0036,2012-04-22,0.50182606
AOI-0036,2012-07-20,0.24466422
AOI-0036,2012-07-27,0.27983016
AOI-0036,2012-09-06,0.15904505
AOI-0036,2012-09-13,0.20446596
AOI-0036,2012-09-29,0.20500009
AOI-0036,2012-10-15,0.20902791
AOI-0036,2013-04-02,0.19084816
AOI-0036,2013-06-10,0.34792172
AOI-0036,2013-06-26,0.33214651
AOI-0036,2013-06-28,0.28373465
AOI-0036,2013-09-14,0.35553686
AOI-0036,2013-10-10,0.32411113
AOI-0036,2014-04-23,0.41441118
AOI-0036,2014-05-25,0.37822643
AOI-0036,2014-06-24,0.23746788
AOI-0036,2014-08-02,0.17724207
AOI-0036,2014-10-05,0.16101956
AOI-0036,2014-10-14,0.17860326
AOI-0036,2015-05-25,0.47189371
AOI-0036,2015-07-28,0.20095036
AOI-0036,2015-08-06,0.16617200
AOI-0036,2015-09-06,0.14255755
AOI-0036,2015-09-30,0.20263339
AOI-0036,2016-06-09,0.37550154
AOI-0036,2016-07-15,0.29449832
AOI-0036,2016-07-27,0.37023222
AOI-0036,2016-08-23,0.21608079
AOI-0036,2016-09-25,0.18705015
AOI-0036,2016-10-26,0.21370892
AOI-0036,2017-04-12,0.33541158
AOI-0036,2017-07-04,0.19970633
AOI-0036,2017-07-25,0.22827987
AOI-0036,2017-07-28,0.24750188
AOI-0036,2017-08-18,0.15220649
AOI-0036,2017-08-21,0.15076814
AOI-0036,2017-08-26,0.15348827
AOI-0036,2017-08-27,0.18275994
AOI-0036,2017-09-04,0.16341535
AOI-0036,2018-06-03,0.36586333
AOI-0036,2018-06-26,0.24935046
AOI-0036,2018-07-12,0.22045304
AOI-0036,2018-08-22,0.16724191
AOI-0036,2018-08-29,0.20758554
AOI-0036,2018-09-05,0.15294894
AOI-0036,2018-09-06,0.17832699
AOI-0036,2018-10-01,0.16990944
AOI-0036,2018-10-09,0.18399140
AOI-0036,2018-10-12,0.21351893
AOI-0036,2019-05-21,0.54513801
AOI-0036,2019-05-25,0.49532760
AOI-0036,2019-05-29,0.47288086
AOI-0036,2019-06-04,0.32372161
AOI-0036,2019-06-17,0.21426172
AOI-0036,2019-07-12,0.16631501
AOI-0036,2019-07-28,0.26346479
AOI-0036,2019-07-29,0.22943064
AOI-0036,2019-08-01,0.20925244
AOI-0036,2019-08-26,0.15433483
AOI-0036,2019-08-29,0.20255090
AOI-0036,2019-09-15,0.15480861
AOI-0036,2019-10-15,0.33247057
AOI-0036,2019-10-19,0.35747894
AOI-0036,2019-10-22,0.39592813
AOI-0036,2020-04-04,0.46338231
AOI-0036,2020-04-06,0.50571038
AOI-0036,2020-05-24,0.47823598
AOI-0036,2020-05-29,0.41230656
AOI-0036,2020-06-11,0.33238967
AOI-0036,2020-08-10,0.14171053
AOI-0036,2020-08-19,0.16202366
AOI-0036,2020-08-26,0.17231385
AOI-0036,2020-08-28,0.18824438
AOI-0036,2020-09-20,0.17167259
AOI-0036,2020-10-19,0.13491087
AOI-0036,2020-10-26,0.15641613
AOI-0036,2021-06-26,0.33359220
AOI-0036,2021-07-21,0.21499986
AOI-0036,2021-07-26,0.17439580
AOI-0036,2021-08-06,0.20862164
AOI-0036,2021-08-17,0.25916879
AOI-0036,2021-10-14,0.32082666
AOI-0036,2022-04-07,0.37794100
AOI-0036,2022-06-14,0.28085276
AOI-0036,2022-06-26,0.27200301
AOI-0036,2022-07-07,0.22407423
AOI-0036,2022-07-21,0.14220519
AOI-0036,2022-08-13,0.17024224
AOI-0036,2022-08-22,0.14167287
AOI-0036,2022-08-24,0.15575071
AOI-0036,2022-09-14,0.18294299
AOI-0036,2022-09-18,0.14328839
AOI-0036,2023-04-17,0.40746486
AOI-0036,2023-05-09,0.65866296
AOI-0036,2023-06-18,0.39460762
AOI-0036,2023-06-25,0.36412834
AOI-0036,2023-07-02,0.38001222
AOI-0036,2023-08-17,0.19245139
AOI-0036,2023-09-29,0.16767389
AOI-0036,2023-10-16,0.22636736
AOI-0036,2023-10-23,0.20315107
AOI-0036,2024-04-13,0.37022356
AOI-0036,2024-05-06,0.50702388
AOI-0036,2024-05-10,0.45658422
AOI-0036,2024-05-16,0.41626968
AOI-0036,2024-05-18,0.42236516
AOI-0036,2024-05-23,0.34854745
AOI-0036,2024-06-07,0.21842711
AOI-0036,2024-07-22,0.13627415
AOI-0036,2024-07-25,0.14113604
AOI-0036,2024-08-21,0.15597527
AOI-0036,2024-08-28,0.17041504
AOI-0036,2024-09-15,0.13591612
AOI-0036,2024-09-22,0.15637655
AOI-0036,2024-09-25,0.12944766
AOI-0036,2024-09-28,0.14307636
AOI-0039,2010-04-07,0.33886343
AOI-0039,2010-05-04,0.50960877
AOI-0039,2010-05-28,0.54623497
AOI-0039,2010-07-15,0.45555597
AOI-0039,2010-09-30,0.38443570
AOI-0039,2012-04-06,0.41185030
AOI-0039,2012-09-06,0.32126314
AOI-0039,2013-04-05,0.30694432
AOI-0039,2013-06-13,0.41490093
AOI-0039,2013-06-26,0.44581877
AOI-0039,2013-07-12,0.39298349
AOI-0039,2013-09-14,0.55422531
AOI-0039,2014-04-07,0.49981469
AOI-0039,2014-06-08,0.48148438
AOI-0039,2014-06-23,0.39495129
AOI-0039,2014-08-02,0.35943969
AOI-0039,2014-09-04,0.29287947
AOI-0039,2015-04-24,0.44451606
AOI-0039,2015-05-10,0.53485387
AOI-0039,2015-06-10,0.44763570
AOI-0039,2015-07-28,0.41283140
AOI-0039,2015-08-14,0.34698415
AOI-0039,2015-08-21,0.37501701
AOI-0039,2015-09-22,0.37464430
AOI-0039,2015-09-23,0.37563368
AOI-0039,2016-04-25,0.58387184
AOI-0039,2016-05-08,0.66440655
AOI-0039,2016-07-06,0.42402796
AOI-0039,2016-09-08,0.29863276
AOI-0039,2016-10-03,0.37305671
AOI-0039,2016-10-15,0.41383717
AOI-0039,2016-10-18,0.36554801
AOI-0039,2017-04-13,0.41726651
AOI-0039,2017-05-09,0.59999193
AOI-0039,2017-08-13,0.43598194
AOI-0039,2017-08-19,0.39551361
AOI-0039,2017-09-10,0.44126456
AOI-0039,2017-09-11,0.45798713
AOI-0039,2017-09-17,0.48474119
AOI-0039,2017-09-22,0.48789359
AOI-0039,2018-05-01,0.53897416
AOI-0039,2018-08-14,0.34579165
AOI-0039,2018-08-21,0.36644498
AOI-0039,2018-08-29,0.41839047
AOI-0039,2019-04-25,0.48295505
AOI-0039,2019-06-02,0.64337434
AOI-0039,2019-06-10,0.52126645
AOI-0039,2019-06-14,0.40924049
AOI-0039,2019-07-04,0.37330422
AOI-0039,2019-07-17,0.38638657
AOI-0039,2019-08-01,0.44248158
AOI-0039,2019-08-09,0.45105717
AOI-0039,2019-08-11,0.44213887
AOI-0039,2019-08-31,0.37018072
AOI-0039,2019-09-12,0.32894558
AOI-0039,2019-10-02,0.39261813
AOI-0039,2019-10-11,0.49354662
AOI-0039,2019-10-12,0.47392505
AOI-0039,2019-10-16,0.52949846
AOI-0039,2019-10-17,0.49843393
AOI-0039,2019-10-25,0.41733951
AOI-0039,2020-04-12,0.40648371
AOI-0039,2020-04-21,0.39335978
AOI-0039,2020-04-24,0.37026311
AOI-0039,2020-05-14,0.57184522
AOI-0039,2020-05-29,0.56596489
AOI-0039,2020-06-28,0.45942130
AOI-0039,2020-07-23,0.30077177
AOI-0039,2020-07-25,0.29806534
AOI-0039,2020-07-26,0.29201556
AOI-0039,2020-08-03,0.36143337
AOI-0039,2020-08-07,0.28979882
AOI-0039,2020-08-18,0.37998921
AOI-0039,2020-08-19,0.36154129
AOI-0039,2020-08-27,0.32349534
AOI-0039,2020-09-09,0.32876824
AOI-0039,2020-10-11,0.27520055
AOI-0039,2020-10-26,0.27378752
AOI-0039,2021-04-23,0.47331900
AOI-0039,2021-05-12,0.58801374
AOI-0039,2021-05-17,0.60439566
AOI-0039,2021-05-22,0.60253225
AOI-0039,2021-06-26,0.49169423
AOI-0039,2021-07-26,0.44457305
AOI-0039,2021-08-07,0.41273690
AOI-0039,2021-08-25,0.36922431
AOI-0039,2021-08-29,0.46467658
AOI-0039,2021-09-06,0.47699995
AOI-0039,2021-09-19,0.44434339
AOI-0039,2021-10-09,0.42403134
AOI-0039,2022-04-12,0.41303294
AOI-0039,2022-05-28,0.71111869
AOI-0039,2022-06-05,0.70712124
AOI-0039,2022-06-16,0.59749081
AOI-0039,2022-07-06,0.51402260
AOI-0039,2022-07-08,0.49651097
AOI-0039,2022-08-13,0.42554738
AOI-0039,2022-08-30,0.31193728
AOI-0039,2022-10-01,0.38934590
AOI-0039,2023-05-09,0.66735105
AOI-0039,2023-06-13,0.71568617
AOI-0039,2023-06-21,0.63998575
AOI-0039,2023-06-23,0.61760698
AOI-0039,2023-07-28,0.46625956
AOI-0039,2023-07-31,0.40635330
AOI-0039,2023-08-18,0.40443144
AOI-0039,2023-09-30,0.45430122
AOI-0039,2023-10-06,0.39401083
AOI-0039,2023-10-11,0.41302951
AOI-0039,2023-10-15,0.42060667
AOI-0039,2023-10-29,0.39967973
AOI-0039,2024-04-08,0.46695586
AOI-0039,2024-05-23,0.63666939
AOI-0039,2024-06-09,0.52604585
AOI-0039,2024-06-19,0.50392348
AOI-0039,2024-07-15,0.35518480
AOI-0039,2024-07-21,0.33929471
AOI-0039,2024-08-21,0.30826573
AOI-0039,2024-08-31,0.30648597
AOI-0039,2024-09-13,0.35093380
AOI-0039,2024-09-18,0.30531934
AOI-0039,2024-10-30,0.24340665
AOI-0042,2010-06-04,0.19870373
AOI-0042,2010-06-05,0.20252447
AOI-0042,2010-07-15,0.17750397
AOI-0042,2010-08-15,0.13979119
AOI-0042,2010-08-31,0.15320436
AOI-0042,2010-10-16,0.19899618
AOI-0042,2011-05-14,0.62141750
AOI-0042,2011-05-30,0.70377078
AOI-0042,2011-07-02,0.20397663
AOI-0042,2011-07-28,0.19266405
AOI-0042,2011-08-13,0.18137567
AOI-0042,2011-08-29,0.21470429
AOI-0042,2011-09-27,0.21910026
AOI-0042,2011-10-16,0.33495307
AOI-0042,2012-06-25,0.28227034
AOI-0042,2012-07-20,0.21240676
AOI-0042,2012-08-28,0.26461589
AOI-0042,2013-04-26,0.19954196
AOI-0042,2013-05-11,0.23222443
AOI-0042,2013-06-13,0.37926291
AOI-0042,2013-09-08,0.28681317
AOI-0042,2014-04-05,0.24010284
AOI-0042,2014-06-16,0.23978372
AOI-0042,2014-10-16,0.19090338
AOI-0042,2015-07-13,0.16284948
AOI-0042,2015-08-29,0.17616114
AOI-0042,2015-09-06,0.14180370
AOI-0042,2015-09-23,0.16028281
AOI-0042,2015-10-16,0.22303657
AOI-0042,2016-06-21,0.22292472
AOI-0042,2016-07-15,0.15335569
AOI-0042,2016-08-16,0.16937880
AOI-0042,2017-04-13,0.15478116
AOI-0042,2017-04-28,0.16892444
AOI-0042,2017-05-07,0.18989476
AOI-0042,2017-05-23,0.17245884
AOI-0042,2017-06-07,0.18219117
AOI-0042,2017-06-08,0.18576370
AOI-0042,2017-07-25,0.19128832
AOI-0042,2017-07-26,0.16452910
AOI-0042,2017-08-03,0.13944777
AOI-0042,2017-08-06,0.13362425
AOI-0042,2017-08-13,0.18918014
AOI-0042,2017-08-19,0.15006402
AOI-0042,2017-08-26,0.16019028
AOI-0042,2017-10-05,0.17819840
AOI-0042,2018-05-05,0.65605751
AOI-0042,2018-05-25,0.57771296
AOI-0042,2018-06-12,0.28581682
AOI-0042,2018-08-21,0.15953270
AOI-0042,2018-10-01,0.19522290
AOI-0042,2019-04-10,0.14718235
AOI-0042,2019-04-27,0.18860397
AOI-0042,2019-06-21,0.14687011
AOI-0042,2019-06-22,0.13779502
AOI-0042,2019-08-03,0.12567516
AOI-0042,2019-08-16,0.13666071
AOI-0042,2019-08-26,0.11529068
AOI-0042,2019-09-02,0.13199933
AOI-0042,2019-09-10,0.12800400
AOI-0042,2019-09-22,0.13699617
AOI-0042,2019-10-19,0.40468573
AOI-0042,2019-10-20,0.37698344
AOI-0042,2019-10-28,0.34617501
AOI-0042,2020-04-06,0.79274077
AOI-0042,2020-05-04,0.73528309
AOI-0042,2020-07-03,0.13873741
AOI-0042,2020-07-25,0.14932964
AOI-0042,2020-08-27,0.13486199
AOI-0042,2020-09-29,0.16315642
AOI-0042,2021-04-07,0.20026267
AOI-0042,2021-04-12,0.14003936
AOI-0042,2021-05-17,0.16679651
AOI-0042,2021-06-23,0.14011748
AOI-0042,2021-07-01,0.12964938
AOI-0042,2021-07-11,0.12107730
AOI-0042,2021-07-13,0.13068003
AOI-0042,2021-07-21,0.13292471
AOI-0042,2021-07-28,0.16957116
AOI-0042,2021-07-31,0.12774071
AOI-0042,2021-08-17,0.15468691
AOI-0042,2021-09-14,0.15785847
AOI-0042,2022-04-12,0.59740087
AOI-0042,2022-04-27,0.73917255
AOI-0042,2022-05-09,0.81486928
AOI-0042,2022-05-14,0.79391418
AOI-0042,2022-05-25,0.75306240
AOI-0042,2022-06-05,0.75357956
AOI-0042,2022-06-21,0.28016091
AOI-0042,2022-07-24,0.13652541
AOI-0042,2022-08-10,0.13297962
AOI-0042,2022-08-17,0.13577415
AOI-0042,2022-09-14,0.17947335
AOI-0042,2022-10-19,0.14921478
AOI-0042,2023-04-23,0.25489960
AOI-0042,2023-05-02,0.17289366
AOI-0042,2023-05-19,0.16766321
AOI-0042,2023-06-08,0.15399687
AOI-0042,2023-06-10,0.20470627
AOI-0042,2023-06-21,0.15427779
AOI-0042,2023-06-23,0.15568938
AOI-0042,2023-06-26,0.15035491
AOI-0042,2023-07-03,0.13182282
AOI-0042,2023-07-06,0.14101900
AOI-0042,2023-07-28,0.21563633
AOI-0042,2023-08-07,0.14139308
AOI-0042,2023-08-08,0.16300930
AOI-0042,2023-08-15,0.12525427
AOI-0042,2023-08-20,0.13190855
AOI-0042,2023-09-01,0.13795808
AOI-0042,2023-10-01,0.14727353
AOI-0042,2023-10-09,0.20717790
AOI-0042,2023-10-30,0.36663933
AOI-0042,2024-05-17,0.76913012
AOI-0042,2024-05-23,0.72919147
AOI-0042,2024-06-11,0.30363276
AOI-0042,2024-06-18,0.22653550
AOI-0042,2024-06-19,0.23090790
AOI-0042,2024-07-02,0.16653563
AOI-0042,2024-07-20,0.13571711
AOI-0042,2024-07-29,0.12865508
AOI-0042,2024-07-30,0.12762495
AOI-0042,2024-08-12,0.16223701
AOI-0042,2024-08-13,0.13531537
AOI-0042,2024-08-16,0.12272873
AOI-0042,2024-08-19,0.11947400
AOI-0042,2024-08-21,0.12364475
AOI-0042,2024-08-31,0.15523425
AOI-0042,2024-09-15,0.12954340
AOI-0042,2024-09-23,0.15193855
AOI-0042,2024-09-25,0.12913386
AOI-0042,2024-09-30,0.13038325
AOI-0042,2024-10-01,0.14830758
AOI-0042,2024-10-13,0.12184930
AOI-0042,2024-10-30,0.11987386
AOI-0047,2010-04-24,0.19968394
AOI-0047,2010-05-09,0.37154457
AOI-0047,2010-06-26,0.74338617
AOI-0047,2010-07-21,0.68440773
AOI-0047,2010-07-28,0.63147240
AOI-0047,2011-05-25,0.64362633
AOI-0047,2011-07-16,0.34006256
AOI-0047,2011-08-13,0.25798517
AOI-0047,2011-08-29,0.25140806
AOI-0047,2012-07-02,0.38026264
AOI-0047,2012-07-18,0.31933529
AOI-0047,2012-09-29,0.24018711
AOI-0047,2013-06-11,0.24512417
AOI-0047,2013-07-21,0.32175649
AOI-0047,2014-06-30,0.27013850
AOI-0047,2014-07-12,0.29928774
AOI-0047,2014-07-16,0.25969699
AOI-0047,2015-06-01,0.75011131
AOI-0047,2015-07-11,0.42041853
AOI-0047,2015-09-14,0.24842413
AOI-0047,2016-06-25,0.77234855
AOI-0047,2016-08-28,0.42665373
AOI-0047,2016-09-13,0.33426186
AOI-0047,2016-10-09,0.24620449
AOI-0047,2017-04-03,0.24693210
AOI-0047,2017-04-07,0.29806085
AOI-0047,2017-04-28,0.31460528
AOI-0047,2017-07-28,0.22921462
AOI-0047,2018-05-09,0.31711687
AOI-0047,2018-06-09,0.23659051
AOI-0047,2018-06-10,0.25739735
AOI-0047,2018-06-15,0.20486188
AOI-0047,2018-07-02,0.19113386
AOI-0047,2018-07-28,0.31746597
AOI-0047,2018-09-29,0.17892429
AOI-0047,2018-10-07,0.17377776
AOI-0047,2019-05-27,0.88775811
AOI-0047,2019-05-28,0.86426271
AOI-0047,2019-06-15,0.54544942
AOI-0047,2019-06-30,0.24707696
AOI-0047,2019-08-19,0.33545050
AOI-0047,2019-08-29,0.29883214
AOI-0047,2019-08-31,0.26047597
AOI-0047,2019-09-14,0.29117089
AOI-0047,2019-09-30,0.32628072
AOI-0047,2019-10-13,0.38298844
AOI-0047,2019-10-16,0.43233459
AOI-0047,2020-04-06,0.27639594
AOI-0047,2020-04-30,0.21275689
AOI-0047,2020-06-04,0.28631741
AOI-0047,2020-06-16,0.23062139
AOI-0047,2020-07-16,0.15913096
AOI-0047,2020-08-03,0.17194911
AOI-0047,2020-08-08,0.15972631
AOI-0047,2020-10-05,0.14877487
AOI-0047,2020-10-20,0.20877965
AOI-0047,2020-10-22,0.16512396
AOI-0047,2021-05-16,0.81986412
AOI-0047,2021-05-17,0.80631081
AOI-0047,2021-05-20,0.83894638
AOI-0047,2021-06-09,0.86963344
AOI-0047,2021-07-11,0.26002672
AOI-0047,2021-07-19,0.19664170
AOI-0047,2021-08-30,0.26479712
AOI-0047,2021-09-02,0.24037387
AOI-0047,2021-09-07,0.35249745
AOI-0047,2021-10-16,0.63903756
AOI-0047,2022-04-05,0.23268066
AOI-0047,2022-04-10,0.30544971
AOI-0047,2022-05-30,0.21538331
AOI-0047,2022-06-04,0.22983306
AOI-0047,2022-06-08,0.23885435
AOI-0047,2022-06-11,0.21769549
AOI-0047,2022-06-19,0.18227906
AOI-0047,2022-06-21,0.18023753
AOI-0047,2022-07-14,0.16741201
AOI-0047,2022-07-30,0.20017038
AOI-0047,2022-08-07,0.16140609
AOI-0047,2022-08-08,0.16221912
AOI-0047,2022-08-10,0.15425350
AOI-0047,2022-08-13,0.21041396
AOI-0047,2022-08-30,0.17702470
AOI-0047,2022-09-01,0.16066189
AOI-0047,2022-10-18,0.31323502
AOI-0047,2023-06-16,0.75822716
AOI-0047,2023-07-17,0.25010273
AOI-0047,2023-07-25,0.20535613
AOI-0047,2023-07-26,0.17849986
AOI-0047,2023-08-05,0.17494017
AOI-0047,2023-08-15,0.17291991
AOI-0047,2023-09-17,0.17638078
AOI-0047,2023-09-22,0.17127595
AOI-0047,2023-09-27,0.16270102
AOI-0047,2023-10-04,0.16908608
AOI-0047,2023-10-22,0.17855975
AOI-0047,2024-04-29,0.30032852
AOI-0047,2024-05-04,0.25235603
AOI-0047,2024-05-24,0.29696399
AOI-0047,2024-06-10,0.30144892
AOI-0047,2024-06-25,0.30127104
AOI-0047,2024-07-30,0.23179593
AOI-0047,2024-09-11,0.17311730
AOI-0047,2024-10-08,0.16779561
AOI-0047,2024-10-13,0.09786246
AOI-0047,2024-10-15,0.19794863
AOI-0049,2010-08-04,0.50898742
AOI-0049,2010-08-28,0.22460725
AOI-0049,2010-09-05,0.18945189
AOI-0049,2010-09-30,0.28041869
AOI-0049,2011-04-26,0.63770652
AOI-0049,2011-05-25,0.85043044
AOI-0049,2011-05-27,0.84203259
AOI-0049,2011-06-12,0.70985446
AOI-0049,2011-07-12,0.34906372
AOI-0049,2011-09-08,0.19580000
AOI-0049,2011-09-24,0.19436459
AOI-0049,2011-10-11,0.30435167
AOI-0049,2011-10-27,0.32339959
AOI-0049,2012-05-06,0.27661341
AOI-0049,2012-05-08,0.43561760
AOI-0049,2012-09-18,0.25435942
AOI-0049,2012-10-15,0.28509327
AOI-0049,2013-05-25,0.50959134
AOI-0049,2013-06-17,0.51512134
AOI-0049,2013-07-11,0.70726342
AOI-0049,2013-08-05,0.62349481
AOI-0049,2013-08-20,0.39498997
AOI-0049,2013-09-30,0.30108960
AOI-0049,2013-10-24,0.20332754
AOI-0049,2014-04-18,0.73146101
AOI-0049,2014-05-09,0.82300491
AOI-0049,2014-07-12,0.29295515
AOI-0049,2014-09-16,0.25505083
AOI-0049,2015-04-13,0.23383173
AOI-0049,2015-05-22,0.30203088
AOI-0049,2015-07-12,0.77235712
AOI-0049,2015-07-25,0.77434686
AOI-0049,2015-07-28,0.71570499
AOI-0049,2015-09-30,0.25398884
AOI-0049,2015-10-30,0.18634812
AOI-0049,2016-04-22,0.85861354
AOI-0049,2016-08-28,0.31218223
AOI-0049,2016-09-14,0.24018068
AOI-0049,2016-09-29,0.52353857
AOI-0049,2017-06-21,0.80125530
AOI-0049,2017-07-14,0.83067188
AOI-0049,2017-08-13,0.38457553
AOI-0049,2017-09-13,0.25847358
AOI-0049,2017-09-17,0.24430721
AOI-0049,2018-05-09,0.84146242
AOI-0049,2018-06-16,0.28850283
AOI-0049,2018-06-24,0.23304116
AOI-0049,2018-07-10,0.17005918
AOI-0049,2018-08-02,0.16297481
AOI-0049,2018-08-10,0.15700388
AOI-0049,2018-08-27,0.17352594
AOI-0049,2018-09-18,0.17704083
AOI-0049,2018-10-06,0.19216848
AOI-0049,2019-04-21,0.29738882
AOI-0049,2019-07-12,0.63240329
AOI-0049,2019-09-03,0.24702242
AOI-0049,2019-09-23,0.18490388
AOI-0049,2020-04-02,0.51506884
AOI-0049,2020-04-18,0.61417890
AOI-0049,2020-04-25,0.75426636
AOI-0049,2020-04-26,0.72268903
AOI-0049,2020-05-11,0.79707075
AOI-0049,2020-05-28,0.80839956
AOI-0049,2020-06-05,0.82364138
AOI-0049,2020-07-15,0.21408204
AOI-0049,2020-07-31,0.15570158
AOI-0049,2020-08-13,0.14543790
AOI-0049,2020-08-15,0.14630495
AOI-0049,2020-08-31,0.17271607
AOI-0049,2020-09-02,0.16060886
AOI-0049,2020-09-13,0.23259423
AOI-0049,2020-09-27,0.16358200
AOI-0049,2020-10-07,0.14628527
AOI-0049,2021-04-23,0.36354032
AOI-0049,2021-06-09,0.72602121
AOI-0049,2021-07-18,0.76541522
AOI-0049,2021-07-19,0.76168201
AOI-0049,2021-07-24,0.76104933
AOI-0049,2021-08-08,0.66439444
AOI-0049,2021-09-27,0.20654125
AOI-0049,2021-09-28,0.22709620
AOI-0049,2022-06-24,0.40180647
AOI-0049,2022-07-13,0.19963658
AOI-0049,2022-08-28,0.16931181
AOI-0049,2022-08-30,0.18711768
AOI-0049,2022-09-06,0.18839230
AOI-0049,2022-09-14,0.20289184
AOI-0049,2022-10-08,0.20814650
AOI-0049,2023-06-22,0.49733665
AOI-0049,2023-06-23,0.44452568
AOI-0049,2023-07-15,0.24208630
AOI-0049,2023-07-23,0.26143884
AOI-0049,2023-08-08,0.29431617
AOI-0049,2023-08-24,0.36452788
AOI-0049,2023-09-12,0.24926486
AOI-0049,2023-09-14,0.29411648
AOI-0049,2023-09-22,0.24132529
AOI-0049,2023-10-02,0.20698322
AOI-0049,2024-06-23,0.60947821
AOI-0049,2024-08-17,0.36412476
AOI-0049,2024-08-28,0.23424156
AOI-0049,2024-09-16,0.18608079
AOI-0049,2024-09-29,0.21861963
AOI-0049,2024-10-01,0.18179400
AOI-0054,2010-07-19,0.73969236
AOI-0054,2010-09-06,0.60226033
AOI-0054,2010-09-30,0.60235186
AOI-0054,2011-04-07,0.47585602
AOI-0054,2011-05-09,0.70081846
AOI-0054,2011-05-25,0.77560897
AOI-0054,2011-05-27,0.76417314
AOI-0054,2011-06-10,0.83849682
AOI-0054,2011-06-20,0.76915668
AOI-0054,2011-08-23,0.71133777
AOI-0054,2011-10-16,0.64748712
AOI-0054,2012-07-09,0.73307483
AOI-0054,2012-07-16,0.69395395
AOI-0054,2012-08-26,0.70516996
AOI-0054,2012-09-29,0.66581287
AOI-0054,2012-10-20,0.62968081
AOI-0054,2013-08-21,0.67839469
AOI-0054,2014-04-07,0.54930285
AOI-0054,2014-05-09,0.82160463
AOI-0054,2014-06-28,0.72607863
AOI-0054,2014-07-28,0.73471330
AOI-0054,2014-08-07,0.67089055
AOI-0054,2014-08-08,0.69476346
AOI-0054,2014-08-13,0.68615337
AOI-0054,2014-08-15,0.65768893
AOI-0054,2014-10-11,0.57283620
AOI-0054,2015-07-25,0.75537127
AOI-0054,2015-08-26,0.72404440
AOI-0054,2015-08-27,0.75426879
AOI-0054,2015-08-29,0.74453764
AOI-0054,2015-09-20,0.68044619
AOI-0054,2015-10-06,0.63911299
AOI-0054,2016-04-30,0.72593852
AOI-0054,2016-07-03,0.74370297
AOI-0054,2016-08-29,0.74916508
AOI-0054,2016-09-29,0.73973321
AOI-0054,2017-05-03,0.68880281
AOI-0054,2017-05-11,0.81421033
AOI-0054,2017-05-19,0.83057343
AOI-0054,2017-05-27,0.82885177
AOI-0054,2017-06-10,0.86974066
AOI-0054,2017-07-06,0.75464699
AOI-0054,2017-09-01,0.49432066
AOI-0054,2017-09-18,0.69515999
AOI-0054,2017-09-24,0.61568975
AOI-0054,2017-10-11,0.61987308
AOI-0054,2018-04-04,0.30265080
AOI-0054,2018-04-21,0.60662927
AOI-0054,2018-04-28,0.70455393
AOI-0054,2018-04-29,0.74674123
AOI-0054,2018-05-01,0.71362233
AOI-0054,2018-05-11,0.80970845
AOI-0054,2018-06-15,0.78363461
AOI-0054,2018-06-16,0.79389562
AOI-0054,2018-07-09,0.63362200
AOI-0054,2018-09-12,0.67374667
AOI-0054,2018-10-13,0.68504522
AOI-0054,2018-10-29,0.55248849
AOI-0054,2019-04-07,0.48511393
AOI-0054,2019-05-25,0.85310126
AOI-0054,2019-05-31,0.86620255
AOI-0054,2019-06-15,0.83437769
AOI-0054,2019-06-18,0.82869595
AOI-0054,2019-06-27,0.78112353
AOI-0054,2019-07-04,0.78964123
AOI-0054,2019-07-05,0.76853177
AOI-0054,2019-07-12,0.79976251
AOI-0054,2019-07-28,0.78180636
AOI-0054,2019-07-29,0.78702649
AOI-0054,2019-08-14,0.78223468
AOI-0054,2019-08-29,0.72843180
AOI-0054,2019-08-30,0.73416692
AOI-0054,2019-09-15,0.56857743
AOI-0054,2019-10-09,0.66654142
AOI-0054,2020-04-02,0.38941067
AOI-0054,2020-04-09,0.42928082
AOI-0054,2020-04-10,0.47688112
AOI-0054,2020-04-22,0.60566957
AOI-0054,2020-04-30,0.66041193
AOI-0054,2020-05-11,0.75696085
AOI-0054,2020-05-30,0.82046018
AOI-0054,2020-06-28,0.72027192
AOI-0054,2020-08-03,0.75158013
AOI-0054,2020-09-07,0.78079793
AOI-0054,2020-09-09,0.79694947
AOI-0054,2020-10-17,0.51404694
AOI-0054,2020-10-27,0.50715728
AOI-0054,2021-04-29,0.66566589
AOI-0054,2021-05-09,0.76489694
AOI-0054,2021-05-20,0.77731226
AOI-0054,2021-06-16,0.85045904
AOI-0054,2021-07-02,0.83169629
AOI-0054,2021-07-18,0.77433777
AOI-0054,2021-07-24,0.77047607
AOI-0054,2021-09-07,0.78181496
AOI-0054,2021-10-16,0.63641677
AOI-0054,2021-10-22,0.57268257
AOI-0054,2021-10-30,0.56169331
AOI-0054,2022-06-03,0.87443206
AOI-0054,2022-06-10,0.84642198
AOI-0054,2022-06-26,0.79929338
AOI-0054,2022-07-12,0.76188076
AOI-0054,2022-07-29,0.71503122
AOI-0054,2022-08-06,0.77831809
AOI-0054,2022-08-18,0.67085119
AOI-0054,2022-08-29,0.66977847
AOI-0054,2023-04-07,0.60842335
AOI-0054,2023-04-23,0.74379803
AOI-0054,2023-05-28,0.70104412
AOI-0054,2023-06-10,0.83931354
AOI-0054,2023-06-22,0.81297100
AOI-0054,2023-07-07,0.71383967
AOI-0054,2023-09-07,0.68751193
AOI-0054,2023-10-11,0.68753506
AOI-0054,2024-04-04,0.50813766
AOI-0054,2024-05-07,0.83098555
AOI-0054,2024-05-08,0.83587791
AOI-0054,2024-05-22,0.80533172
AOI-0054,2024-05-23,0.85460623
AOI-0054,2024-06-24,0.79102727
AOI-0054,2024-07-13,0.77192161
AOI-0054,2024-07-18,0.79060180
AOI-0054,2024-08-18,0.78442953
AOI-0054,2024-09-16,0.67724422
AOI-0054,2024-09-21,0.73387289
AOI-0054,2024-09-29,0.70828916
AOI-0054,2024-10-05,0.67675054
AOI-0054,2024-10-30,0.67665299
AOI-0057,2010-04-15,0.18915863
AOI-0057,2010-04-30,0.28287383
AOI-0057,2010-05-01,0.28953212
AOI-0057,2010-05-08,0.33601756
AOI-0057,2010-06-10,0.66043741
AOI-0057,2010-07-27,0.59275833
AOI-0057,2010-08-05,0.54135472
AOI-0057,2010-09-14,0.33137648
AOI-0057,2011-05-25,0.85241251
AOI-0057,2011-06-10,0.79178544
AOI-0057,2011-06-13,0.75219167
AOI-0057,2011-07-07,0.32633411
AOI-0057,2011-08-08,0.37634813
AOI-0057,2011-09-16,0.21233044
AOI-0057,2011-10-11,0.25159244
AOI-0057,2012-07-16,0.83365938
AOI-0057,2012-09-18,0.21153519
AOI-0057,2013-04-07,0.70811027
AOI-0057,2013-09-14,0.29703232
AOI-0057,2013-09-22,0.24589547
AOI-0057,2014-04-17,0.46249694
AOI-0057,2014-04-18,0.44214740
AOI-0057,2014-04-25,0.61407491
AOI-0057,2014-05-09,0.79541417
AOI-0057,2014-06-05,0.74258677
AOI-0057,2014-07-15,0.30356795
AOI-0057,2014-07-23,0.30036204
AOI-0057,2014-08-16,0.22021431
AOI-0057,2014-08-23,0.20908736
AOI-0057,2014-10-02,0.21343278
AOI-0057,2014-10-11,0.19991536
AOI-0057,2014-10-16,0.24188394
AOI-0057,2015-05-25,0.88049821
AOI-0057,2015-10-30,0.17249129
AOI-0057,2016-05-08,0.89138779
AOI-0057,2016-06-26,0.40602949
AOI-0057,2016-07-28,0.30914002
AOI-0057,2016-08-12,0.46191299
AOI-0057,2017-05-04,0.31339752
AOI-0057,2017-05-06,0.32306396
AOI-0057,2017-06-10,0.75161478
AOI-0057,2017-07-30,0.81095287
AOI-0057,2017-08-08,0.79178427
AOI-0057,2017-09-01,0.44330895
AOI-0057,2017-09-14,0.42725161
AOI-0057,2017-09-17,0.39380082
AOI-0057,2017-09-25,0.34435728
AOI-0057,2018-04-11,0.55781378
AOI-0057,2018-05-06,0.85436056
AOI-0057,2018-07-18,0.20679286
AOI-0057,2018-08-02,0.23841696
AOI-0057,2018-08-19,0.19261147
AOI-0057,2018-08-26,0.18306571
AOI-0057,2018-10-29,0.19197125
AOI-0057,2019-04-11,0.22465792
AOI-0057,2019-04-21,0.26496255
AOI-0057,2019-05-01,0.37057377
AOI-0057,2019-05-02,0.41357788
AOI-0057,2019-05-06,0.38957782
AOI-0057,2019-07-05,0.73546273
AOI-0057,2019-07-20,0.63268483
AOI-0057,2019-08-05,0.35739276
AOI-0057,2019-08-21,0.22601256
AOI-0057,2019-08-24,0.20679341
AOI-0057,2019-09-23,0.18410537
AOI-0057,2019-10-13,0.18420065
AOI-0057,2019-10-25,0.19385712
AOI-0057,2020-04-17,0.22235394
AOI-0057,2020-08-15,0.17578845
AOI-0057,2020-08-23,0.15643416
AOI-0057,2020-09-09,0.17098498
AOI-0057,2020-09-13,0.21926217
AOI-0057,2020-09-25,0.17483864
AOI-0057,2020-09-27,0.15747549
AOI-0057,2020-09-29,0.19178788
AOI-0057,2020-10-03,0.15537084
AOI-0057,2021-04-15,0.51270708
AOI-0057,2021-06-19,0.82725165
AOI-0057,2021-08-13,0.33792343
AOI-0057,2021-09-04,0.41723200
AOI-0057,2022-05-27,0.58559734
AOI-0057,2022-06-26,0.27482136
AOI-0057,2022-06-29,0.24318973
AOI-0057,2022-07-09,0.22404693
AOI-0057,2022-07-12,0.27087057
AOI-0057,2022-07-28,0.24712320
AOI-0057,2022-08-03,0.19261117
AOI-0057,2022-08-13,0.20142620
AOI-0057,2022-08-18,0.18818522
AOI-0057,2022-09-14,0.22629333
AOI-0057,2022-10-17,0.26989508
AOI-0057,2023-04-26,0.82756668
AOI-0057,2023-05-04,0.86535886
AOI-0057,2023-06-26,0.46365095
AOI-0057,2023-07-12,0.39783281
AOI-0057,2023-07-15,0.36589519
AOI-0057,2023-08-23,0.45425690
AOI-0057,2023-09-10,0.22208474
AOI-0057,2024-05-04,0.45156308
AOI-0057,2024-05-06,0.49385336
AOI-0057,2024-05-07,0.55049003
AOI-0057,2024-05-22,0.58723800
AOI-0057,2024-06-08,0.78585867
AOI-0057,2024-06-16,0.75662009
AOI-0057,2024-06-24,0.69795402
AOI-0057,2024-07-18,0.40484638
AOI-0057,2024-07-28,0.35953988
AOI-0057,2024-09-13,0.24570064
AOI-0066,2010-07-13,0.63930695
AOI-0066,2011-05-25,0.86285347
AOI-0066,2012-04-13,0.51469324
AOI-0066,2012-07-11,0.34074831
AOI-0066,2012-07-27,0.28065551
AOI-0066,2012-09-20,0.26083721
AOI-0066,2012-10-06,0.29466109
AOI-0066,2012-10-22,0.35292573
AOI-0066,2013-05-09,0.49904776
AOI-0066,2013-05-25,0.52033398
AOI-0066,2013-06-19,0.59337326
AOI-0066,2013-09-23,0.23855032
AOI-0066,2013-10-09,0.23607947
AOI-0066,2014-04-03,0.65412960
AOI-0066,2014-10-04,0.33789593
AOI-0066,2015-04-06,0.76396926
AOI-0066,2015-06-01,0.79446247
AOI-0066,2015-07-27,0.32371503
AOI-0066,2015-07-28,0.34789117
AOI-0066,2015-09-29,0.25669428
AOI-0066,2016-05-08,0.89854218
AOI-0066,2016-06-03,0.76002821
AOI-0066,2016-06-19,0.47735354
AOI-0066,2016-06-27,0.37045853
AOI-0066,2016-07-11,0.35874591
AOI-0066,2016-08-12,0.35002226
AOI-0066,2016-08-22,0.28130040
AOI-0066,2017-05-09,0.87471935
AOI-0066,2017-06-10,0.84647982
AOI-0066,2017-08-13,0.21014543
AOI-0066,2017-08-21,0.16854925
AOI-0066,2018-05-09,0.54345119
AOI-0066,2018-06-01,0.76655714
AOI-0066,2018-07-02,0.72696142
AOI-0066,2018-09-05,0.23047588
AOI-0066,2018-10-08,0.20061601
AOI-0066,2018-10-13,0.20432946
AOI-0066,2019-04-07,0.62337063
AOI-0066,2019-04-28,0.80017427
AOI-0066,2019-05-11,0.72748665
AOI-0066,2019-06-20,0.30689633
AOI-0066,2019-07-02,0.19004792
AOI-0066,2019-07-14,0.21276847
AOI-0066,2019-08-11,0.23208863
AOI-0066,2019-08-29,0.21388407
AOI-0066,2019-10-15,0.54791002
AOI-0066,2019-10-18,0.59387550
AOI-0066,2020-05-08,0.65270329
AOI-0066,2020-05-24,0.67131967
AOI-0066,2020-05-30,0.62744731
AOI-0066,2020-06-11,0.47562941
AOI-0066,2020-07-11,0.23168811
AOI-0066,2020-07-27,0.23051333
AOI-0066,2020-08-09,0.20351498
AOI-0066,2020-08-15,0.17800708
AOI-0066,2020-09-07,0.16507620
AOI-0066,2021-05-12,0.26900406
AOI-0066,2021-08-05,0.65561861
AOI-0066,2021-08-20,0.38612819
AOI-0066,2021-08-23,0.37022074
AOI-0066,2021-09-27,0.20999997
AOI-0066,2021-10-16,0.26367541
AOI-0066,2021-10-27,0.23799269
AOI-0066,2022-04-23,0.75646516
AOI-0066,2022-04-25,0.77516351
AOI-0066,2022-05-30,0.89625100
AOI-0066,2022-06-04,0.88690866
AOI-0066,2022-07-12,0.24643789
AOI-0066,2022-07-21,0.20377543
AOI-0066,2022-07-22,0.18889235
AOI-0066,2022-08-23,0.20100801
AOI-0066,2022-09-08,0.18287255
AOI-0066,2022-09-09,0.15927144
AOI-0066,2022-09-18,0.16148902
AOI-0066,2022-09-27,0.16199318
AOI-0066,2022-09-29,0.16417276
AOI-0066,2022-10-02,0.17649683
AOI-0066,2022-10-07,0.17885393
AOI-0066,2022-10-18,0.23866113
AOI-0066,2022-10-22,0.22357986
AOI-0066,2023-04-04,0.27103715
AOI-0066,2023-04-07,0.37587228
AOI-0066,2023-05-15,0.82953963
AOI-0066,2023-06-07,0.85709521
AOI-0066,2023-06-10,0.80091965
AOI-0066,2023-06-11,0.80382498
AOI-0066,2023-06-26,0.36285895
AOI-0066,2023-07-04,0.30560178
AOI-0066,2023-07-26,0.35734346
AOI-0066,2023-08-08,0.25467525
AOI-0066,2023-08-10,0.21211510
AOI-0066,2023-08-13,0.25124438
AOI-0066,2023-08-23,0.18939117
AOI-0066,2023-09-07,0.16497437
AOI-0066,2023-09-30,0.25079071
AOI-0066,2023-10-13,0.24181339
AOI-0066,2023-10-16,0.24132934
AOI-0066,2024-04-06,0.78585050
AOI-0066,2024-05-21,0.86279604
AOI-0066,2024-06-17,0.42616867
AOI-0066,2024-06-23,0.26349921
AOI-0066,2024-06-28,0.22091034
AOI-0066,2024-07-05,0.19692731
AOI-0066,2024-07-19,0.19767076
AOI-0066,2024-08-09,0.15430271
AOI-0066,2024-09-26,0.16509037
AOI-0072,2010-04-07,0.33694714
AOI-0072,2010-08-13,0.24953504
AOI-0072,2010-08-15,0.16835408
AOI-0072,2010-08-23,0.18704434
AOI-0072,2010-08-30,0.20479768
AOI-0072,2011-04-07,0.27489786
AOI-0072,2011-05-05,0.24386888
AOI-0072,2011-07-12,0.23202178
AOI-0072,2011-07-24,0.19020728
AOI-0072,2011-08-01,0.17897447
AOI-0072,2011-09-03,0.18763575
AOI-0072,2012-04-06,0.55014365
AOI-0072,2012-10-15,0.21288609
AOI-0072,2013-04-16,0.20802082
AOI-0072,2013-05-02,0.21231831
AOI-0072,2013-05-19,0.24227463
AOI-0072,2013-07-29,0.20563761
AOI-0072,2013-10-16,0.26542709
AOI-0072,2014-04-23,0.67920566
AOI-0072,2014-06-30,0.23160153
AOI-0072,2014-07-17,0.22252138
AOI-0072,2014-07-24,0.24181387
AOI-0072,2014-08-17,0.21850488
AOI-0072,2014-08-29,0.31800512
AOI-0072,2014-09-03,0.26687865
AOI-0072,2014-09-26,0.27102809
AOI-0072,2014-10-28,0.20396300
AOI-0072,2014-10-29,0.21247131
AOI-0072,2015-04-07,0.25294156
AOI-0072,2015-04-23,0.30464771
AOI-0072,2015-08-04,0.15756351
AOI-0072,2016-04-06,0.78805865
AOI-0072,2016-04-09,0.75231643
AOI-0072,2016-04-17,0.79857567
AOI-0072,2016-05-26,0.74167300
AOI-0072,2016-06-27,0.28664550
AOI-0072,2016-07-13,0.20983940
AOI-0072,2016-08-22,0.24027146
AOI-0072,2016-09-29,0.28840396
AOI-0072,2017-04-03,0.15306999
AOI-0072,2017-04-23,0.25675291
AOI-0072,2017-05-29,0.22427830
AOI-0072,2017-05-30,0.19169445
AOI-0072,2017-07-12,0.19639023
AOI-0072,2017-07-24,0.16651651
AOI-0072,2017-07-25,0.21103746
AOI-0072,2017-08-06,0.14070993
AOI-0072,2017-08-29,0.18612204
AOI-0072,2017-09-03,0.17001489
AOI-0072,2017-09-20,0.30262987
AOI-0072,2017-09-26,0.37355560
AOI-0072,2017-10-12,0.46426009
AOI-0072,2018-04-07,0.61796716
AOI-0072,2018-04-15,0.59747679
AOI-0072,2018-05-01,0.76704982
AOI-0072,2018-05-03,0.74926004
AOI-0072,2018-06-07,0.40785245
AOI-0072,2018-08-05,0.17744165
AOI-0072,2018-08-28,0.17630475
AOI-0072,2018-09-06,0.17333314
AOI-0072,2018-09-22,0.16737628
AOI-0072,2019-04-25,0.22320984
AOI-0072,2019-04-26,0.20156256
AOI-0072,2019-05-04,0.23396548
AOI-0072,2019-05-28,0.21042935
AOI-0072,2019-06-12,0.14523784
AOI-0072,2019-07-14,0.16450439
AOI-0072,2019-07-17,0.14894496
AOI-0072,2019-08-06,0.13845383
AOI-0072,2019-08-16,0.15501296
AOI-0072,2019-09-09,0.16935851
AOI-0072,2019-09-14,0.23671452
AOI-0072,2019-09-17,0.21228845
AOI-0072,2019-09-30,0.40313101
AOI-0072,2019-10-15,0.58398204
AOI-0072,2019-10-20,0.68050632
AOI-0072,2019-10-27,0.75447991
AOI-0072,2020-04-06,0.75803183
AOI-0072,2020-04-27,0.75098892
AOI-0072,2020-05-08,0.76919527
AOI-0072,2020-05-24,0.70286823
AOI-0072,2020-06-30,0.21250859
AOI-0072,2020-09-19,0.12420971
AOI-0072,2020-09-24,0.13664505
AOI-0072,2020-09-26,0.13946746
AOI-0072,2020-10-05,0.13011393
AOI-0072,2020-10-14,0.13523571
AOI-0072,2020-10-21,0.15048021
AOI-0072,2021-04-22,0.22737945
AOI-0072,2021-07-11,0.17345657
AOI-0072,2021-08-29,0.30852532
AOI-0072,2022-04-10,0.24233263
AOI-0072,2022-04-26,0.19203106
AOI-0072,2022-06-29,0.14343101
AOI-0072,2022-07-15,0.14470888
AOI-0072,2022-08-23,0.15960840
AOI-0072,2022-08-27,0.15475674
AOI-0072,2023-04-29,0.84970636
AOI-0072,2023-06-25,0.27220473
AOI-0072,2023-07-21,0.18583416
AOI-0072,2023-07-22,0.19063856
AOI-0072,2023-07-26,0.18352050
AOI-0072,2023-08-02,0.21167796
AOI-0072,2023-08-03,0.23902744
AOI-0072,2023-08-05,0.21461079
AOI-0072,2023-08-13,0.27306283
AOI-0072,2023-08-23,0.26599977
AOI-0072,2023-09-19,0.22225447
AOI-0072,2023-10-29,0.21812191
AOI-0072,2024-04-01,0.17581930
AOI-0072,2024-05-09,0.24962785
AOI-0072,2024-05-21,0.17352812
AOI-0072,2024-06-09,0.21634473
AOI-0072,2024-06-30,0.14418876
AOI-0072,2024-07-11,0.21015900
AOI-0072,2024-07-25,0.14327482
AOI-0072,2024-08-20,0.18129045
AOI-0072,2024-09-08,0.13957650
AOI-0072,2024-09-22,0.16459636
AOI-0072,2024-09-30,0.14322721
AOI-0078,2010-04-15,0.21483809
AOI-0078,2010-05-01,0.31258363
AOI-0078,2010-06-09,0.61749880
AOI-0078,2010-07-04,0.38860877
AOI-0078,2011-04-01,0.08861738
AOI-0078,2011-07-06,0.74014646
AOI-0078,2011-08-08,0.67518329
AOI-0078,2011-08-13,0.56385329
AOI-0078,2011-09-14,0.45115841
AOI-0078,2011-09-17,0.40942529
AOI-0078,2011-09-24,0.40113563
AOI-0078,2012-06-07,0.69853483
AOI-0078,2012-09-27,0.32377466
AOI-0078,2012-10-04,0.31680333
AOI-0078,2013-04-03,0.23400523
AOI-0078,2013-07-11,0.35370280
AOI-0078,2013-07-28,0.50242634
AOI-0078,2013-08-29,0.41179225
AOI-0078,2013-10-16,0.39573325
AOI-0078,2014-06-26,0.83252995
AOI-0078,2014-07-31,0.73950615
AOI-0078,2015-07-01,0.42911018
AOI-0078,2015-09-11,0.24208405
AOI-0078,2016-04-22,0.39703700
AOI-0078,2016-07-04,0.79166397
AOI-0078,2016-09-22,0.74968684
AOI-0078,2016-10-24,0.51544050
AOI-0078,2017-04-29,0.29215281
AOI-0078,2017-05-03,0.28691408
AOI-0078,2017-05-06,0.33111510
AOI-0078,2017-05-09,0.49092577
AOI-0078,2017-09-30,0.33765085
AOI-0078,2018-06-07,0.76902495
AOI-0078,2018-06-18,0.62352575
AOI-0078,2018-07-10,0.33272428
AOI-0078,2018-08-10,0.31729765
AOI-0078,2018-09-12,0.22466196
AOI-0078,2018-09-28,0.26021516
AOI-0078,2018-10-01,0.28309135
AOI-0078,2018-10-14,0.26804038
AOI-0078,2019-04-07,0.27265603
AOI-0078,2019-04-23,0.28995224
AOI-0078,2019-05-06,0.22090932
AOI-0078,2019-05-16,0.24985403
AOI-0078,2019-05-24,0.37283682
AOI-0078,2019-06-02,0.46111163
AOI-0078,2019-06-10,0.66999245
AOI-0078,2019-06-13,0.57241814
AOI-0078,2019-06-25,0.64970094
AOI-0078,2019-07-04,0.62531702
AOI-0078,2019-07-23,0.65475736
AOI-0078,2019-07-28,0.75375832
AOI-0078,2019-08-07,0.77422323
AOI-0078,2019-08-09,0.79910338
AOI-0078,2019-08-21,0.86491574
AOI-0078,2019-08-29,0.83179705
AOI-0078,2019-09-13,0.74703938
AOI-0078,2019-09-28,0.48370461
AOI-0078,2019-10-16,0.37507340
AOI-0078,2020-04-05,0.27636721
AOI-0078,2020-04-06,0.33947692
AOI-0078,2020-04-23,0.39980340
AOI-0078,2020-05-19,0.71388915
AOI-0078,2020-06-12,0.88554606
AOI-0078,2020-06-28,0.34037613
AOI-0078,2020-07-24,0.21635680
AOI-0078,2020-08-06,0.20001793
AOI-0078,2020-08-08,0.16712328
AOI-0078,2020-08-12,0.28855132
AOI-0078,2020-09-08,0.16188158
AOI-0078,2020-09-15,0.16490258
AOI-0078,2020-09-24,0.19135206
AOI-0078,2020-09-25,0.19145573
AOI-0078,2020-10-15,0.20459602
AOI-0078,2020-10-22,0.17702967
AOI-0078,2020-10-26,0.17875244
AOI-0078,2021-04-10,0.15271422
AOI-0078,2021-05-14,0.31271214
AOI-0078,2021-05-15,0.32605280
AOI-0078,2021-05-25,0.54508664
AOI-0078,2021-06-17,0.80951620
AOI-0078,2021-06-22,0.77470470
AOI-0078,2021-06-23,0.79653508
AOI-0078,2021-06-26,0.78181093
AOI-0078,2021-07-09,0.72466406
AOI-0078,2021-08-01,0.54709647
AOI-0078,2021-08-21,0.56065755
AOI-0078,2021-08-29,0.54737212
AOI-0078,2021-09-03,0.56910175
AOI-0078,2021-09-15,0.48007963
AOI-0078,2021-10-27,0.28288494
AOI-0078,2021-10-30,0.25928953
AOI-0078,2022-04-07,0.38185180
AOI-0078,2022-05-03,0.62590915
AOI-0078,2022-06-19,0.73491887
AOI-0078,2022-06-27,0.55410893
AOI-0078,2022-07-17,0.23369268
AOI-0078,2022-07-24,0.21502440
AOI-0078,2022-08-01,0.21356535
AOI-0078,2022-09-17,0.26748561
AOI-0078,2022-09-20,0.24693700
AOI-0078,2022-10-01,0.33376311
AOI-0078,2022-10-08,0.30789223
AOI-0078,2022-10-15,0.39894408
AOI-0078,2023-05-12,0.81942297
AOI-0078,2023-06-02,0.86168485
AOI-0078,2023-07-02,0.66565764
AOI-0078,2023-07-31,0.27425716
AOI-0078,2023-08-03,0.24564185
AOI-0078,2023-08-29,0.34580026
AOI-0078,2023-09-29,0.20252063
AOI-0078,2023-10-03,0.15064428
AOI-0078,2024-04-04,0.29408429
AOI-0078,2024-04-13,0.30583179
AOI-0078,2024-04-14,0.27229377
AOI-0078,2024-04-22,0.44212539
AOI-0078,2024-05-04,0.40426898
AOI-0078,2024-05-06,0.41064663
AOI-0078,2024-05-17,0.59733123
AOI-0078,2024-05-19,0.57901051
AOI-0078,2024-05-29,0.62452538
AOI-0078,2024-06-09,0.61711242
AOI-0078,2024-06-25,0.42234785
AOI-0078,2024-07-08,0.32930294
AOI-0078,2024-07-13,0.29463673
AOI-0078,2024-07-17,0.29122169
AOI-0078,2024-07-25,0.32610285
AOI-0078,2024-08-18,0.27796315
AOI-0078,2024-08-26,0.23298649
AOI-0078,2024-09-21,0.21575348
AOI-0078,2024-10-22,0.24681582
AOI-0078,2024-10-30,0.22253323
